player,base_price,type,cost_in_₹_(cr.),cost_in_$_(000),2022_squad,team,base_price_in_₹,base_price_in_$,base_price_status,base_price_status_$
Shivam Mavi,4000000,BOWLER,6.0,720.0,KKR,Gujarat Titans,0.0,0.0,Not Declared,Not Declared
Joshua Little,5000000,BOWLER,4.4,528.0,Not in Squad,Gujarat Titans,0.0,0.0,Not Declared,Not Declared
Kane Williamson,20000000,BATSMAN,2.0,240.0,SRH,Gujarat Titans,0.0,0.0,Not Declared,Not Declared
K.S. Bharat,2000000,WICKETKEEPER,1.2,144.0,DC,Gujarat Titans,0.0,0.0,Not Declared,Not Declared
Mohit Sharma,5000000,BOWLER,0.5,60.0,Not in Squad,Gujarat Titans,0.0,0.0,Not Declared,Not Declared
Odean Smith,5000000,ALL-ROUNDER,0.5,60.0,PBKS,Gujarat Titans,0.0,0.0,Not Declared,Not Declared
Urvil Patel,2000000,WICKETKEEPER,0.2,24.0,Not in Squad,Gujarat Titans,0.0,0.0,Not Declared,Not Declared
Rahul Tewatia,Retained,ALL-ROUNDER,,,GT,Gujarat Titans,0.0,0.0,Not Declared,Not Declared
Pradeep Sangwan,Retained,ALL-ROUNDER,,,GT,Gujarat Titans,0.0,0.0,Not Declared,Not Declared
Rashid Khan,Retained,BOWLER,,,GT,Gujarat Titans,0.0,0.0,Not Declared,Not Declared
R. Sai Kishore,Retained,BOWLER,,,GT,Gujarat Titans,0.0,0.0,Not Declared,Not Declared
Yash Dayal,Retained,BOWLER,,,GT,Gujarat Titans,0.0,0.0,Not Declared,Not Declared
Noor Ahmad,Retained,BOWLER,,,GT,Gujarat Titans,0.0,0.0,Not Declared,Not Declared
Wriddhiman Saha,Retained,WICKETKEEPER,,,GT,Gujarat Titans,0.0,0.0,Not Declared,Not Declared
Vijay Shankar,Retained,ALL-ROUNDER,,,GT,Gujarat Titans,0.0,0.0,Not Declared,Not Declared
Shubman Gill,Retained,BATSMAN,,,GT,Gujarat Titans,0.0,0.0,Not Declared,Not Declared
Hardik Pandya,Retained,ALL-ROUNDER,,,GT,Gujarat Titans,0.0,0.0,Not Declared,Not Declared
B. Sai Sudharsan,Retained,ALL-ROUNDER,,,GT,Gujarat Titans,0.0,0.0,Not Declared,Not Declared
Alzarri Joseph,Retained,BOWLER,,,GT,Gujarat Titans,0.0,0.0,Not Declared,Not Declared
Abhinav Sadarangani,Retained,BATSMAN,,,GT,Gujarat Titans,0.0,0.0,Not Declared,Not Declared
Darshan Nalkande,Retained,ALL-ROUNDER,,,GT,Gujarat Titans,0.0,0.0,Not Declared,Not Declared
David Miller,Retained,BATSMAN,,,GT,Gujarat Titans,0.0,0.0,Not Declared,Not Declared
Matthew Wade,Retained,WICKETKEEPER,,,GT,Gujarat Titans,0.0,0.0,Not Declared,Not Declared
Jayant Yadav,Retained,ALL-ROUNDER,,,GT,Gujarat Titans,0.0,0.0,Not Declared,Not Declared
Mohammad Shami,Retained,BOWLER,,,GT,Gujarat Titans,0.0,0.0,Not Declared,Not Declared
Ben Stokes,20000000,ALL-ROUNDER,16.25,1950.0,Not in Squad,Chennai Super Kings,0.0,0.0,Not Declared,Not Declared
Kyle Jamieson,10000000,BOWLER,1.0,120.0,Not in Squad,Chennai Super Kings,0.0,0.0,Not Declared,Not Declared
Nishant Sindhu,2000000,ALL-ROUNDER,0.6,72.0,Not in Squad,Chennai Super Kings,0.0,0.0,Not Declared,Not Declared
Ajinkya Rahane,5000000,BATSMAN,0.5,60.0,KKR,Chennai Super Kings,0.0,0.0,Not Declared,Not Declared
Bhagath Varma,2000000,ALL-ROUNDER,0.2,24.0,CSK,Chennai Super Kings,0.0,0.0,Not Declared,Not Declared
Ajay Mandal,2000000,ALL-ROUNDER,0.2,24.0,Not in Squad,Chennai Super Kings,0.0,0.0,Not Declared,Not Declared
Shaik Rasheed,2000000,BATSMAN,0.2,24.0,Not in Squad,Chennai Super Kings,0.0,0.0,Not Declared,Not Declared
Ravindra Jadeja,Retained,ALL-ROUNDER,,,CSK,Chennai Super Kings,0.0,0.0,Not Declared,Not Declared
Rajvardhan Hangargekar,Retained,ALL-ROUNDER,,,CSK,Chennai Super Kings,0.0,0.0,Not Declared,Not Declared
Prashant Solanki,Retained,BOWLER,,,CSK,Chennai Super Kings,0.0,0.0,Not Declared,Not Declared
Ruturaj Gaikwad,Retained,BATSMAN,,,CSK,Chennai Super Kings,0.0,0.0,Not Declared,Not Declared
Tushar Deshpande,Retained,BOWLER,,,CSK,Chennai Super Kings,0.0,0.0,Not Declared,Not Declared
Mukesh Choudhary,Retained,BOWLER,,,CSK,Chennai Super Kings,0.0,0.0,Not Declared,Not Declared
Subhranshu Senapati,Retained,BATSMAN,,,CSK,Chennai Super Kings,0.0,0.0,Not Declared,Not Declared
Simarjeet Singh,Retained,BOWLER,,,CSK,Chennai Super Kings,0.0,0.0,Not Declared,Not Declared
Shivam Dube,Retained,ALL-ROUNDER,,,CSK,Chennai Super Kings,0.0,0.0,Not Declared,Not Declared
Matheesha Pathirana,Retained,BOWLER,,,CSK,Chennai Super Kings,0.0,0.0,Not Declared,Not Declared
Devon Conway,Retained,BATSMAN,,,CSK,Chennai Super Kings,0.0,0.0,Not Declared,Not Declared
Deepak Chahar,Retained,BOWLER,,,CSK,Chennai Super Kings,0.0,0.0,Not Declared,Not Declared
Ambati Rayudu,Retained,BATSMAN,,,CSK,Chennai Super Kings,0.0,0.0,Not Declared,Not Declared
Dwaine Pretorius,Retained,ALL-ROUNDER,,,CSK,Chennai Super Kings,0.0,0.0,Not Declared,Not Declared
Maheesh Theekshana,Retained,BOWLER,,,CSK,Chennai Super Kings,0.0,0.0,Not Declared,Not Declared
Moeen Ali,Retained,ALL-ROUNDER,,,CSK,Chennai Super Kings,0.0,0.0,Not Declared,Not Declared
Mitchell Santner,Retained,ALL-ROUNDER,,,CSK,Chennai Super Kings,0.0,0.0,Not Declared,Not Declared
MS Dhoni,Retained,WICKETKEEPER,,,CSK,Chennai Super Kings,0.0,0.0,Not Declared,Not Declared
Mukesh Kumar,2000000,BOWLER,5.5,660.0,Not in Squad,Delhi Capitals,0.0,0.0,Not Declared,Not Declared
Rilee Rossouw,20000000,BATSMAN,4.6,552.0,Not in Squad,Delhi Capitals,0.0,0.0,Not Declared,Not Declared
Manish Pandey,10000000,BATSMAN,2.4,288.0,LSG,Delhi Capitals,0.0,0.0,Not Declared,Not Declared
Phil Salt,20000000,WICKETKEEPER,2.0,240.0,Not in Squad,Delhi Capitals,0.0,0.0,Not Declared,Not Declared
Ishant Sharma,5000000,BOWLER,0.5,60.0,Not in Squad,Delhi Capitals,0.0,0.0,Not Declared,Not Declared
Ripal Patel,Retained,ALL-ROUNDER,,,DC,Delhi Capitals,0.0,0.0,Not Declared,Not Declared
Pravin Dubey,Retained,ALL-ROUNDER,,,DC,Delhi Capitals,0.0,0.0,Not Declared,Not Declared
Rishabh Pant,Retained,WICKETKEEPER,,,DC,Delhi Capitals,0.0,0.0,Not Declared,Not Declared
Prithvi Shaw,Retained,BATSMAN,,,DC,Delhi Capitals,0.0,0.0,Not Declared,Not Declared
Syed Khaleel Ahmed,Retained,BOWLER,,,DC,Delhi Capitals,0.0,0.0,Not Declared,Not Declared
Yash Dhull,Retained,ALL-ROUNDER,,,DC,Delhi Capitals,0.0,0.0,Not Declared,Not Declared
Vicky Ostwal,Retained,ALL-ROUNDER,,,DC,Delhi Capitals,0.0,0.0,Not Declared,Not Declared
Mustafizur Rahman,Retained,BOWLER,,,DC,Delhi Capitals,0.0,0.0,Not Declared,Not Declared
Sarfaraz Khan,Retained,ALL-ROUNDER,,,DC,Delhi Capitals,0.0,0.0,Not Declared,Not Declared
Rovman Powell,Retained,BATSMAN,,,DC,Delhi Capitals,0.0,0.0,Not Declared,Not Declared
Lalit Yadav,Retained,ALL-ROUNDER,,,DC,Delhi Capitals,0.0,0.0,Not Declared,Not Declared
Axar Patel,Retained,ALL-ROUNDER,,,DC,Delhi Capitals,0.0,0.0,Not Declared,Not Declared
Anrich Nortje,Retained,BOWLER,,,DC,Delhi Capitals,0.0,0.0,Not Declared,Not Declared
Aman Khan (T),Retained,ALL-ROUNDER,,,DC,Delhi Capitals,0.0,0.0,Not Declared,Not Declared
Chetan Sakariya,Retained,BOWLER,,,DC,Delhi Capitals,0.0,0.0,Not Declared,Not Declared
David Warner,Retained,BATSMAN,,,DC,Delhi Capitals,0.0,0.0,Not Declared,Not Declared
Lungisani Ngidi,Retained,BOWLER,,,DC,Delhi Capitals,0.0,0.0,Not Declared,Not Declared
Kuldeep Yadav,Retained,BOWLER,,,DC,Delhi Capitals,0.0,0.0,Not Declared,Not Declared
Kamlesh Nagarkoti,Retained,ALL-ROUNDER,,,DC,Delhi Capitals,0.0,0.0,Not Declared,Not Declared
Mitchell Marsh,Retained,ALL-ROUNDER,,,DC,Delhi Capitals,0.0,0.0,Not Declared,Not Declared
Shakib Al Hasan,1500000,ALL-ROUNDER,1.5,180.0,Not in Squad,Kolkata Knight Riders,0.0,0.0,Not Declared,Not Declared
David Wiese,10000000,ALL-ROUNDER,1.0,120.0,Not in Squad,Kolkata Knight Riders,0.0,0.0,Not Declared,Not Declared
N. Jagadeesan,2000000,WICKETKEEPER,0.9,108.0,CSK,Kolkata Knight Riders,0.0,0.0,Not Declared,Not Declared
Vaibhav Arora,2000000,BOWLER,0.6,72.0,PBKS,Kolkata Knight Riders,0.0,0.0,Not Declared,Not Declared
Litton Das,5000000,WICKETKEEPER,0.5,60.0,Not in Squad,Kolkata Knight Riders,0.0,0.0,Not Declared,Not Declared
Mandeep Singh,5000000,BATSMAN,0.5,60.0,DC,Kolkata Knight Riders,0.0,0.0,Not Declared,Not Declared
Kulwant Khejroliya,2000000,BOWLER,0.2,24.0,Not in Squad,Kolkata Knight Riders,0.0,0.0,Not Declared,Not Declared
Suyash Sharma,2000000,BOWLER,0.2,24.0,Not in Squad,Kolkata Knight Riders,0.0,0.0,Not Declared,Not Declared
Sunil Narine,Retained,BOWLER,,,KKR,Kolkata Knight Riders,0.0,0.0,Not Declared,Not Declared
Shreyas Iyer,Retained,BATSMAN,,,KKR,Kolkata Knight Riders,0.0,0.0,Not Declared,Not Declared
Tim Southee,Retained,BOWLER,,,KKR,Kolkata Knight Riders,0.0,0.0,Not Declared,Not Declared
Umesh Yadav,Retained,BOWLER,,,KKR,Kolkata Knight Riders,0.0,0.0,Not Declared,Not Declared
Varun Chakaravarthy,Retained,BOWLER,,,KKR,Kolkata Knight Riders,0.0,0.0,Not Declared,Not Declared
Shardul Thakur (T),Retained,BOWLER,,,KKR,Kolkata Knight Riders,0.0,0.0,Not Declared,Not Declared
Venkatesh Iyer,Retained,ALL-ROUNDER,,,KKR,Kolkata Knight Riders,0.0,0.0,Not Declared,Not Declared
Harshit Rana,Retained,BOWLER,,,KKR,Kolkata Knight Riders,0.0,0.0,Not Declared,Not Declared
Anukul Roy,Retained,ALL-ROUNDER,,,KKR,Kolkata Knight Riders,0.0,0.0,Not Declared,Not Declared
Andre Russell,Retained,ALL-ROUNDER,,,KKR,Kolkata Knight Riders,0.0,0.0,Not Declared,Not Declared
Lockie Ferguson (T),Retained,BOWLER,,,KKR,Kolkata Knight Riders,0.0,0.0,Not Declared,Not Declared
Nitish Rana,Retained,ALL-ROUNDER,,,KKR,Kolkata Knight Riders,0.0,0.0,Not Declared,Not Declared
Rahmanullah Gurbaz (T),Retained,WICKETKEEPER,,,KKR,Kolkata Knight Riders,0.0,0.0,Not Declared,Not Declared
Rinku Singh,Retained,BATSMAN,,,KKR,Kolkata Knight Riders,0.0,0.0,Not Declared,Not Declared
Sam Curran,20000000,ALL-ROUNDER,18.5,2220.0,Not in Squad,Punjab Kings,0.0,0.0,Not Declared,Not Declared
Sikandar Raza,5000000,ALL-ROUNDER,0.5,60.0,Not in Squad,Punjab Kings,0.0,0.0,Not Declared,Not Declared
Harpreet Bhatia,2000000,BATSMAN,0.4,48.0,Not in Squad,Punjab Kings,0.0,0.0,Not Declared,Not Declared
Mohit Rathee,2000000,ALL-ROUNDER,0.2,24.0,Not in Squad,Punjab Kings,0.0,0.0,Not Declared,Not Declared
Vidwath Kaverappa,2000000,BOWLER,0.2,24.0,Not in Squad,Punjab Kings,0.0,0.0,Not Declared,Not Declared
Shivam Singh,5000000,WICKETKEEPER,0.2,24.0,Not in Squad,Punjab Kings,0.0,0.0,Not Declared,Not Declared
Liam Livingstone,Retained,ALL-ROUNDER,,,PBKS,Punjab Kings,0.0,0.0,Not Declared,Not Declared
Baltej Singh Dhanda,Retained,BOWLER,,,PBKS,Punjab Kings,0.0,0.0,Not Declared,Not Declared
Atharva Taide,Retained,ALL-ROUNDER,,,PBKS,Punjab Kings,0.0,0.0,Not Declared,Not Declared
Bhanuka Rajapakse,Retained,BATSMAN,,,PBKS,Punjab Kings,0.0,0.0,Not Declared,Not Declared
Jitesh Sharma,Retained,WICKETKEEPER,,,PBKS,Punjab Kings,0.0,0.0,Not Declared,Not Declared
Nathan Ellis,Retained,BOWLER,,,PBKS,Punjab Kings,0.0,0.0,Not Declared,Not Declared
Jonny Bairstow,Retained,WICKETKEEPER,,,PBKS,Punjab Kings,0.0,0.0,Not Declared,Not Declared
Kagiso Rabada,Retained,BOWLER,,,PBKS,Punjab Kings,0.0,0.0,Not Declared,Not Declared
Harpreet Brar,Retained,ALL-ROUNDER,,,PBKS,Punjab Kings,0.0,0.0,Not Declared,Not Declared
Shahrukh Khan,Retained,ALL-ROUNDER,,,PBKS,Punjab Kings,0.0,0.0,Not Declared,Not Declared
Shikhar Dhawan,Retained,BATSMAN,,,PBKS,Punjab Kings,0.0,0.0,Not Declared,Not Declared
Rahul Chahar,Retained,BOWLER,,,PBKS,Punjab Kings,0.0,0.0,Not Declared,Not Declared
Arshdeep Singh,Retained,BOWLER,,,PBKS,Punjab Kings,0.0,0.0,Not Declared,Not Declared
Prabhsimran Singh,Retained,WICKETKEEPER,,,PBKS,Punjab Kings,0.0,0.0,Not Declared,Not Declared
Raj Angad Bawa,Retained,ALL-ROUNDER,,,PBKS,Punjab Kings,0.0,0.0,Not Declared,Not Declared
Rishi Dhawan,Retained,ALL-ROUNDER,,,PBKS,Punjab Kings,0.0,0.0,Not Declared,Not Declared
Nicholas Pooran,20000000,WICKETKEEPER,16.0,1920.0,SRH,Lucknow Super Giants,0.0,0.0,Not Declared,Not Declared
Daniel Sams,7500000,ALL-ROUNDER,0.75,90.0,MI,Lucknow Super Giants,0.0,0.0,Not Declared,Not Declared
Jaydev Unadkat,5000000,BOWLER,0.5,60.0,MI,Lucknow Super Giants,0.0,0.0,Not Declared,Not Declared
Naveen Ul Haq,5000000,BOWLER,0.5,60.0,Not in Squad,Lucknow Super Giants,0.0,0.0,Not Declared,Not Declared
Amit Mishra,5000000,BOWLER,0.5,60.0,Not in Squad,Lucknow Super Giants,0.0,0.0,Not Declared,Not Declared
Romario Shepherd,5000000,ALL-ROUNDER,0.5,60.0,SRH,Lucknow Super Giants,0.0,0.0,Not Declared,Not Declared
Yash Thakur,2000000,BOWLER,0.45,54.0,Not in Squad,Lucknow Super Giants,0.0,0.0,Not Declared,Not Declared
Swapnil Singh,2000000,ALL-ROUNDER,0.2,24.0,Not in Squad,Lucknow Super Giants,0.0,0.0,Not Declared,Not Declared
Yudhvir Charak,2000000,ALL-ROUNDER,0.2,24.0,Not in Squad,Lucknow Super Giants,0.0,0.0,Not Declared,Not Declared
Prerak Mankad,2000000,ALL-ROUNDER,0.2,24.0,PBKS,Lucknow Super Giants,0.0,0.0,Not Declared,Not Declared
Mark Wood,Retained,BOWLER,,,LSG,Lucknow Super Giants,0.0,0.0,Not Declared,Not Declared
Marcus Stoinis,Retained,ALL-ROUNDER,,,LSG,Lucknow Super Giants,0.0,0.0,Not Declared,Not Declared
Mayank Yadav,Retained,BOWLER,,,LSG,Lucknow Super Giants,0.0,0.0,Not Declared,Not Declared
Mohsin Khan,Retained,BOWLER,,,LSG,Lucknow Super Giants,0.0,0.0,Not Declared,Not Declared
Quinton De Kock,Retained,WICKETKEEPER,,,LSG,Lucknow Super Giants,0.0,0.0,Not Declared,Not Declared
Manan Vohra,Retained,BATSMAN,,,LSG,Lucknow Super Giants,0.0,0.0,Not Declared,Not Declared
Ravi Bishnoi,Retained,BOWLER,,,LSG,Lucknow Super Giants,0.0,0.0,Not Declared,Not Declared
Deepak Hooda,Retained,ALL-ROUNDER,,,LSG,Lucknow Super Giants,0.0,0.0,Not Declared,Not Declared
Ayush Badoni,Retained,ALL-ROUNDER,,,LSG,Lucknow Super Giants,0.0,0.0,Not Declared,Not Declared
Avesh Khan,Retained,BOWLER,,,LSG,Lucknow Super Giants,0.0,0.0,Not Declared,Not Declared
K. Gowtham,Retained,ALL-ROUNDER,,,LSG,Lucknow Super Giants,0.0,0.0,Not Declared,Not Declared
Karan Sharma,Retained,ALL-ROUNDER,,,LSG,Lucknow Super Giants,0.0,0.0,Not Declared,Not Declared
Krunal Pandya,Retained,ALL-ROUNDER,,,LSG,Lucknow Super Giants,0.0,0.0,Not Declared,Not Declared
KL Rahul,Retained,BATSMAN,,,LSG,Lucknow Super Giants,0.0,0.0,Not Declared,Not Declared
Kyle Mayers,Retained,ALL-ROUNDER,,,LSG,Lucknow Super Giants,0.0,0.0,Not Declared,Not Declared
Cameron Green,20000000,ALL-ROUNDER,17.5,2100.0,Not in Squad,Mumbai Indians,0.0,0.0,Not Declared,Not Declared
Jhye Richardson,1500000,BOWLER,1.5,180.0,Not in Squad,Mumbai Indians,0.0,0.0,Not Declared,Not Declared
Piyush Chawla,5000000,BOWLER,0.5,60.0,Not in Squad,Mumbai Indians,0.0,0.0,Not Declared,Not Declared
Raghav Goyal,2000000,BOWLER,0.2,24.0,Not in Squad,Mumbai Indians,0.0,0.0,Not Declared,Not Declared
Shams Mulani,2000000,ALL-ROUNDER,0.2,24.0,Not in Squad,Mumbai Indians,0.0,0.0,Not Declared,Not Declared
Nehal Wadhera,2000000,ALL-ROUNDER,0.2,24.0,Not in Squad,Mumbai Indians,0.0,0.0,Not Declared,Not Declared
Vishnu Vinod,2000000,WICKETKEEPER,0.2,24.0,SRH,Mumbai Indians,0.0,0.0,Not Declared,Not Declared
Duan Jansen,2000000,ALL-ROUNDER,0.2,24.0,Not in Squad,Mumbai Indians,0.0,0.0,Not Declared,Not Declared
Ramandeep Singh,Retained,ALL-ROUNDER,,,MI,Mumbai Indians,0.0,0.0,Not Declared,Not Declared
N. Tilak Varma,Retained,ALL-ROUNDER,,,MI,Mumbai Indians,0.0,0.0,Not Declared,Not Declared
Mohd. Arshad Khan,Retained,ALL-ROUNDER,,,MI,Mumbai Indians,0.0,0.0,Not Declared,Not Declared
Rohit Sharma,Retained,BATSMAN,,,MI,Mumbai Indians,0.0,0.0,Not Declared,Not Declared
Suryakumar Yadav,Retained,BATSMAN,,,MI,Mumbai Indians,0.0,0.0,Not Declared,Not Declared
Kumar Kartikeya Singh,Retained,ALL-ROUNDER,,,MI,Mumbai Indians,0.0,0.0,Not Declared,Not Declared
Tristan Stubbs*,Retained,WICKETKEEPER,,,MI,Mumbai Indians,0.0,0.0,Not Declared,Not Declared
Tim David,Retained,ALL-ROUNDER,,,MI,Mumbai Indians,0.0,0.0,Not Declared,Not Declared
Hrithik Shokeen,Retained,ALL-ROUNDER,,,MI,Mumbai Indians,0.0,0.0,Not Declared,Not Declared
Arjun Tendulkar,Retained,ALL-ROUNDER,,,MI,Mumbai Indians,0.0,0.0,Not Declared,Not Declared
Akash Madhwal,Retained,BOWLER,,,MI,Mumbai Indians,0.0,0.0,Not Declared,Not Declared
Dewald Brevis,Retained,BATSMAN,,,MI,Mumbai Indians,0.0,0.0,Not Declared,Not Declared
Ishan Kishan,Retained,WICKETKEEPER,,,MI,Mumbai Indians,0.0,0.0,Not Declared,Not Declared
Jasprit Bumrah,Retained,BOWLER,,,MI,Mumbai Indians,0.0,0.0,Not Declared,Not Declared
Jason Behrendorff (T),Retained,BOWLER,,,MI,Mumbai Indians,0.0,0.0,Not Declared,Not Declared
Jofra Archer,Retained,ALL-ROUNDER,,,MI,Mumbai Indians,0.0,0.0,Not Declared,Not Declared
Will Jacks,1500000,BATSMAN,3.2,384.0,Not in Squad,Royal Challengers Bangalore,0.0,0.0,Not Declared,Not Declared
Reece Topley,7500000,BOWLER,1.9,228.0,Not in Squad,Royal Challengers Bangalore,0.0,0.0,Not Declared,Not Declared
Rajan Kumar,2000000,BOWLER,0.7,84.0,Not in Squad,Royal Challengers Bangalore,0.0,0.0,Not Declared,Not Declared
Avinash Singh,2000000,BOWLER,0.6,72.0,Not in Squad,Royal Challengers Bangalore,0.0,0.0,Not Declared,Not Declared
Manoj Bhandage,2000000,ALL-ROUNDER,0.2,24.0,Not in Squad,Royal Challengers Bangalore,0.0,0.0,Not Declared,Not Declared
Sonu Yadav,2000000,ALL-ROUNDER,0.2,24.0,Not in Squad,Royal Challengers Bangalore,0.0,0.0,Not Declared,Not Declared
Himanshu Sharma,2000000,BOWLER,0.2,24.0,Not in Squad,Royal Challengers Bangalore,0.0,0.0,Not Declared,Not Declared
Rajat Patidar,Retained,BATSMAN,,,RCB,Royal Challengers Bangalore,0.0,0.0,Not Declared,Not Declared
Mahipal Lomror,Retained,BOWLER,,,RCB,Royal Challengers Bangalore,0.0,0.0,Not Declared,Not Declared
Shahbaz Ahamad,Retained,ALL-ROUNDER,,,RCB,Royal Challengers Bangalore,0.0,0.0,Not Declared,Not Declared
Mohammed Siraj,Retained,BOWLER,,,RCB,Royal Challengers Bangalore,0.0,0.0,Not Declared,Not Declared
Wanindu Hasaranga,Retained,ALL-ROUNDER,,,RCB,Royal Challengers Bangalore,0.0,0.0,Not Declared,Not Declared
Karn Sharma,Retained,BOWLER,,,RCB,Royal Challengers Bangalore,0.0,0.0,Not Declared,Not Declared
Virat Kohli,Retained,BATSMAN,,,RCB,Royal Challengers Bangalore,0.0,0.0,Not Declared,Not Declared
Suyash Prabhudessai,Retained,ALL-ROUNDER,,,RCB,Royal Challengers Bangalore,0.0,0.0,Not Declared,Not Declared
Siddharth Kaul,Retained,BOWLER,,,RCB,Royal Challengers Bangalore,0.0,0.0,Not Declared,Not Declared
Finn Allen,Retained,BATSMAN,,,RCB,Royal Challengers Bangalore,0.0,0.0,Not Declared,Not Declared
David Willey,Retained,ALL-ROUNDER,,,RCB,Royal Challengers Bangalore,0.0,0.0,Not Declared,Not Declared
Anuj Rawat,Retained,WICKETKEEPER,,,RCB,Royal Challengers Bangalore,0.0,0.0,Not Declared,Not Declared
Akash Deep,Retained,BOWLER,,,RCB,Royal Challengers Bangalore,0.0,0.0,Not Declared,Not Declared
Dinesh Karthik,Retained,WICKETKEEPER,,,RCB,Royal Challengers Bangalore,0.0,0.0,Not Declared,Not Declared
Faf Du Plessis,Retained,BATSMAN,,,RCB,Royal Challengers Bangalore,0.0,0.0,Not Declared,Not Declared
Harshal Patel,Retained,ALL-ROUNDER,,,RCB,Royal Challengers Bangalore,0.0,0.0,Not Declared,Not Declared
Glenn Maxwell,Retained,ALL-ROUNDER,,,RCB,Royal Challengers Bangalore,0.0,0.0,Not Declared,Not Declared
Josh Hazlewood,Retained,BOWLER,,,RCB,Royal Challengers Bangalore,0.0,0.0,Not Declared,Not Declared
Jason Holder,20000000,ALL-ROUNDER,5.75,690.0,LSG,Rajasthan Royals,0.0,0.0,Not Declared,Not Declared
Adam Zampa,1500000,BOWLER,1.5,180.0,Not in Squad,Rajasthan Royals,0.0,0.0,Not Declared,Not Declared
Joe Root,10000000,BATSMAN,1.0,120.0,Not in Squad,Rajasthan Royals,0.0,0.0,Not Declared,Not Declared
Donovan Ferreira,2000000,WICKETKEEPER,0.5,60.0,Not in Squad,Rajasthan Royals,0.0,0.0,Not Declared,Not Declared
K.M. Asif,3000000,BOWLER,0.3,36.0,CSK,Rajasthan Royals,0.0,0.0,Not Declared,Not Declared
Kunal Rathore,2000000,WICKETKEEPER,0.2,24.0,Not in Squad,Rajasthan Royals,0.0,0.0,Not Declared,Not Declared
Abdul P A,2000000,ALL-ROUNDER,0.2,24.0,Not in Squad,Rajasthan Royals,0.0,0.0,Not Declared,Not Declared
Akash Vashisht,2000000,ALL-ROUNDER,0.2,24.0,Not in Squad,Rajasthan Royals,0.0,0.0,Not Declared,Not Declared
Murugan Ashwin,2000000,BOWLER,0.2,24.0,MI,Rajasthan Royals,0.0,0.0,Not Declared,Not Declared
Sanju Samson,Retained,WICKETKEEPER,,,RR,Rajasthan Royals,0.0,0.0,Not Declared,Not Declared
Riyan Parag,Retained,ALL-ROUNDER,,,RR,Rajasthan Royals,0.0,0.0,Not Declared,Not Declared
R. Ashwin,Retained,ALL-ROUNDER,,,RR,Rajasthan Royals,0.0,0.0,Not Declared,Not Declared
Shimron Hetmyer,Retained,BATSMAN,,,RR,Rajasthan Royals,0.0,0.0,Not Declared,Not Declared
Trent Boult,Retained,BOWLER,,,RR,Rajasthan Royals,0.0,0.0,Not Declared,Not Declared
Prasidh Krishna,Retained,BOWLER,,,RR,Rajasthan Royals,0.0,0.0,Not Declared,Not Declared
Yuzvendra Chahal,Retained,BOWLER,,,RR,Rajasthan Royals,0.0,0.0,Not Declared,Not Declared
Yashasvi Jaiswal,Retained,BATSMAN,,,RR,Rajasthan Royals,0.0,0.0,Not Declared,Not Declared
K.C Cariappa,Retained,BOWLER,,,RR,Rajasthan Royals,0.0,0.0,Not Declared,Not Declared
Dhruv Jurel,Retained,WICKETKEEPER,,,RR,Rajasthan Royals,0.0,0.0,Not Declared,Not Declared
Devdutt Padikkal,Retained,BATSMAN,,,RR,Rajasthan Royals,0.0,0.0,Not Declared,Not Declared
Jos Buttler,Retained,WICKETKEEPER,,,RR,Rajasthan Royals,0.0,0.0,Not Declared,Not Declared
Kuldeep Sen,Retained,BOWLER,,,RR,Rajasthan Royals,0.0,0.0,Not Declared,Not Declared
Navdeep Saini,Retained,BOWLER,,,RR,Rajasthan Royals,0.0,0.0,Not Declared,Not Declared
Kuldip Yadav,Retained,BOWLER,,,RR,Rajasthan Royals,0.0,0.0,Not Declared,Not Declared
Obed Mccoy,Retained,BOWLER,,,RR,Rajasthan Royals,0.0,0.0,Not Declared,Not Declared
Harry Brook,15000000,BATSMAN,13.25,1590.0,Not in Squad,Sunrisers Hyderabad,0.0,0.0,Not Declared,Not Declared
Mayank Agarwal,10000000,BATSMAN,8.25,990.0,PBKS,Sunrisers Hyderabad,0.0,0.0,Not Declared,Not Declared
Heinrich Klaasen,10000000,WICKETKEEPER,5.25,630.0,Not in Squad,Sunrisers Hyderabad,0.0,0.0,Not Declared,Not Declared
Vivrant Sharma,2000000,ALL-ROUNDER,2.6,312.0,Not in Squad,Sunrisers Hyderabad,0.0,0.0,Not Declared,Not Declared
Adil Rashid,20000000,BOWLER,2.0,240.0,Not in Squad,Sunrisers Hyderabad,0.0,0.0,Not Declared,Not Declared
Mayank Dagar,2000000,ALL-ROUNDER,1.8,216.0,Not in Squad,Sunrisers Hyderabad,0.0,0.0,Not Declared,Not Declared
Akeal Hosein,10000000,BOWLER,1.0,120.0,Not in Squad,Sunrisers Hyderabad,0.0,0.0,Not Declared,Not Declared
Mayank Markande,5000000,BOWLER,0.5,60.0,MI,Sunrisers Hyderabad,0.0,0.0,Not Declared,Not Declared
Upendra Singh Yadav,2000000,WICKETKEEPER,0.25,30.0,Not in Squad,Sunrisers Hyderabad,0.0,0.0,Not Declared,Not Declared
Nitish Kumar Reddy,2000000,WICKETKEEPER,0.2,24.0,Not in Squad,Sunrisers Hyderabad,0.0,0.0,Not Declared,Not Declared
Samarth Vyas,2000000,ALL-ROUNDER,0.2,24.0,Not in Squad,Sunrisers Hyderabad,0.0,0.0,Not Declared,Not Declared
Anmolpreet Singh,2000000,BATSMAN,0.2,24.0,MI,Sunrisers Hyderabad,0.0,0.0,Not Declared,Not Declared
Sanvir Singh,2000000,ALL-ROUNDER,0.2,24.0,Not in Squad,Sunrisers Hyderabad,0.0,0.0,Not Declared,Not Declared
Marco Jansen,Retained,ALL-ROUNDER,,,SRH,Sunrisers Hyderabad,0.0,0.0,Not Declared,Not Declared
Rahul Tripathi,Retained,BATSMAN,,,SRH,Sunrisers Hyderabad,0.0,0.0,Not Declared,Not Declared
Umran Malik,Retained,BOWLER,,,SRH,Sunrisers Hyderabad,0.0,0.0,Not Declared,Not Declared
Washington Sundar,Retained,ALL-ROUNDER,,,SRH,Sunrisers Hyderabad,0.0,0.0,Not Declared,Not Declared
Kartik Tyagi,Retained,BOWLER,,,SRH,Sunrisers Hyderabad,0.0,0.0,Not Declared,Not Declared
T. Natarajan,Retained,BOWLER,,,SRH,Sunrisers Hyderabad,0.0,0.0,Not Declared,Not Declared
Fazalhaq Farooqi,Retained,BOWLER,,,SRH,Sunrisers Hyderabad,0.0,0.0,Not Declared,Not Declared
Abdul Samad,Retained,BATSMAN,,,SRH,Sunrisers Hyderabad,0.0,0.0,Not Declared,Not Declared
Abhishek Sharma,Retained,ALL-ROUNDER,,,SRH,Sunrisers Hyderabad,0.0,0.0,Not Declared,Not Declared
Aiden Markram,Retained,BATSMAN,,,SRH,Sunrisers Hyderabad,0.0,0.0,Not Declared,Not Declared
Bhuvneshwar Kumar,Retained,BOWLER,,,SRH,Sunrisers Hyderabad,0.0,0.0,Not Declared,Not Declared
Glenn Phillips,Retained,WICKETKEEPER,,,SRH,Sunrisers Hyderabad,0.0,0.0,Not Declared,Not Declared
Tom Banton,Unknown,WICKETKEEPER,,,Not in Squad,Unsold,20000000.0,240000.0,Declared,Declared
Kusal Mendis,Unknown,WICKETKEEPER,,,Not in Squad,Unsold,5000000.0,60000.0,Declared,Declared
Chris Jordan,Unknown,BOWLER,,,CSK,Unsold,20000000.0,240000.0,Declared,Declared
Adam Milne,Unknown,BOWLER,,,CSK,Unsold,20000000.0,240000.0,Declared,Declared
Mujeeb Rahman,Unknown,BOWLER,,,Not in Squad,Unsold,10000000.0,120000.0,Declared,Declared
Tabraiz Shamsi,Unknown,BOWLER,,,Not in Squad,Unsold,10000000.0,120000.0,Declared,Declared
Shubham Khajuria,Unknown,BATSMAN,,,Not in Squad,Unsold,2000000.0,24000.0,Declared,Declared
Rohan Kunnummal,Unknown,BATSMAN,,,Not in Squad,Unsold,2000000.0,24000.0,Declared,Declared
Chethan L.R.,Unknown,BATSMAN,,,Not in Squad,Unsold,2000000.0,24000.0,Declared,Declared
Himmat Singh,Unknown,BATSMAN,,,Not in Squad,Unsold,2000000.0,24000.0,Declared,Declared
Corbin Bosch,Unknown,ALL-ROUNDER,,,RR,Unsold,2000000.0,24000.0,Declared,Declared
Priyam Garg,Unknown,ALL-ROUNDER,,,SRH,Unsold,2000000.0,24000.0,Declared,Declared
Saurabh Kumar,Unknown,ALL-ROUNDER,,,Not in Squad,Unsold,2000000.0,24000.0,Declared,Declared
Shashank Singh,Unknown,ALL-ROUNDER,,,SRH,Unsold,2000000.0,24000.0,Declared,Declared
Mohammed Azharuddeen,Unknown,WICKETKEEPER,,,Not in Squad,Unsold,2000000.0,24000.0,Declared,Declared
Dinesh Bana,Unknown,WICKETKEEPER,,,Not in Squad,Unsold,2000000.0,24000.0,Declared,Declared
Abhimanyu Easwaran,Unknown,WICKETKEEPER,,,Not in Squad,Unsold,2000000.0,24000.0,Declared,Declared
Sumit Kumar,Unknown,WICKETKEEPER,,,Not in Squad,Unsold,2000000.0,24000.0,Declared,Declared
Lance Morris,Unknown,BOWLER,,,Not in Squad,Unsold,3000000.0,36000.0,Declared,Declared
Mujtaba Yousuf,Unknown,BOWLER,,,Not in Squad,Unsold,2000000.0,24000.0,Declared,Declared
Chintal Gandhi,Unknown,BOWLER,,,Not in Squad,Unsold,2000000.0,24000.0,Declared,Declared
Shreyas Gopal,Unknown,BOWLER,,,SRH,Unsold,2000000.0,24000.0,Declared,Declared
S Midhun,Unknown,BOWLER,,,Not in Squad,Unsold,2000000.0,24000.0,Declared,Declared
Izharulhuq Naveed,Unknown,BOWLER,,,Not in Squad,Unsold,2000000.0,24000.0,Declared,Declared
Travis Head,Unknown,BATSMAN,,,Not in Squad,Unsold,20000000.0,240000.0,Declared,Declared
Dawid Malan,Unknown,BATSMAN,,,Not in Squad,Unsold,1500000.0,18000.0,Declared,Declared
Sherfane Rutherford,Unknown,BATSMAN,,,RCB,Unsold,1500000.0,18000.0,Declared,Declared
Paul Stirling,Unknown,BATSMAN,,,Not in Squad,Unsold,5000000.0,60000.0,Declared,Declared
Rassie Van Der Dussen,Unknown,BATSMAN,,,RR,Unsold,20000000.0,240000.0,Declared,Declared
Daryl Mitchell,Unknown,ALL-ROUNDER,,,RR,Unsold,10000000.0,120000.0,Declared,Declared
Mohammad Nabi,Unknown,ALL-ROUNDER,,,KKR,Unsold,10000000.0,120000.0,Declared,Declared
Jimmy Neesham,Unknown,ALL-ROUNDER,,,RR,Unsold,20000000.0,240000.0,Declared,Declared
Wayne Parnell,Unknown,ALL-ROUNDER,,,Not in Squad,Unsold,7500000.0,90000.0,Declared,Declared
Dasun Shanaka,Unknown,ALL-ROUNDER,,,Not in Squad,Unsold,5000000.0,60000.0,Declared,Declared
Taskin Ahmed,Unknown,BOWLER,,,Not in Squad,Unsold,5000000.0,60000.0,Declared,Declared
Dushmanta Chameera,Unknown,BOWLER,,,LSG,Unsold,5000000.0,60000.0,Declared,Declared
Riley Meredith,Unknown,BOWLER,,,MI,Unsold,1500000.0,18000.0,Declared,Declared
Blessing Muzarabani,Unknown,BOWLER,,,Not in Squad,Unsold,5000000.0,60000.0,Declared,Declared
Sandeep Sharma,Unknown,BOWLER,,,PBKS,Unsold,5000000.0,60000.0,Declared,Declared
Johnson Charles,Unknown,WICKETKEEPER,,,Not in Squad,Unsold,5000000.0,60000.0,Declared,Declared
Andre Fletcher,Unknown,WICKETKEEPER,,,Not in Squad,Unsold,5000000.0,60000.0,Declared,Declared
Shai Hope,Unknown,WICKETKEEPER,,,Not in Squad,Unsold,10000000.0,120000.0,Declared,Declared
Tom Latham,Unknown,WICKETKEEPER,,,Not in Squad,Unsold,10000000.0,120000.0,Declared,Declared
Joshua Philippe,Unknown,WICKETKEEPER,,,Not in Squad,Unsold,7500000.0,90000.0,Declared,Declared
Lorcan Tucker,Unknown,WICKETKEEPER,,,Not in Squad,Unsold,5000000.0,60000.0,Declared,Declared
Shahbaz Nadeem,Unknown,BOWLER,,,LSG,Unsold,5000000.0,60000.0,Declared,Declared
Ish Sodhi,Unknown,BOWLER,,,Not in Squad,Unsold,7500000.0,90000.0,Declared,Declared
Sachin Baby,Unknown,BATSMAN,,,Not in Squad,Unsold,2000000.0,24000.0,Declared,Declared
Ashwin Hebbar,Unknown,BATSMAN,,,DC,Unsold,2000000.0,24000.0,Declared,Declared
Pukhraj Mann,Unknown,BATSMAN,,,Not in Squad,Unsold,2000000.0,24000.0,Declared,Declared
Akshat Raghuwanshi,Unknown,BATSMAN,,,Not in Squad,Unsold,2000000.0,24000.0,Declared,Declared
Himanshu Rana,Unknown,BATSMAN,,,Not in Squad,Unsold,2000000.0,24000.0,Declared,Declared
Shoun Roger,Unknown,BATSMAN,,,Not in Squad,Unsold,2000000.0,24000.0,Declared,Declared
Virat Singh,Unknown,BATSMAN,,,Not in Squad,Unsold,2000000.0,24000.0,Declared,Declared
Will Smeed,Unknown,BATSMAN,,,Not in Squad,Unsold,4000000.0,48000.0,Declared,Declared
Apoorv Wankhade,Unknown,BATSMAN,,,Not in Squad,Unsold,3000000.0,36000.0,Declared,Declared
Gerald Coetzee,Unknown,ALL-ROUNDER,,,Not in Squad,Unsold,2000000.0,24000.0,Declared,Declared
Evan Jones,Unknown,ALL-ROUNDER,,,Not in Squad,Unsold,2000000.0,24000.0,Declared,Declared
Abid Mushtaq,Unknown,ALL-ROUNDER,,,Not in Squad,Unsold,2000000.0,24000.0,Declared,Declared
Suryansh Shedge,Unknown,ALL-ROUNDER,,,Not in Squad,Unsold,2000000.0,24000.0,Declared,Declared
Jagadeesha Suchith,Unknown,ALL-ROUNDER,,,SRH,Unsold,2000000.0,24000.0,Declared,Declared
Ricky Bhui,Unknown,WICKETKEEPER,,,Not in Squad,Unsold,2000000.0,24000.0,Declared,Declared
Baba Indrajith,Unknown,WICKETKEEPER,,,KKR,Unsold,2000000.0,24000.0,Declared,Declared
Sheldon Jackson,Unknown,WICKETKEEPER,,,KKR,Unsold,2000000.0,24000.0,Declared,Declared
Aryan Juyal,Unknown,WICKETKEEPER,,,MI,Unsold,2000000.0,24000.0,Declared,Declared
Kirant Shinde,Unknown,WICKETKEEPER,,,Not in Squad,Unsold,2000000.0,24000.0,Declared,Declared
Luvnith Sisodia,Unknown,WICKETKEEPER,,,RCB,Unsold,2000000.0,24000.0,Declared,Declared
Vishnu Solanki,Unknown,WICKETKEEPER,,,Not in Squad,Unsold,2000000.0,24000.0,Declared,Declared
Aniket Choudhary,Unknown,BOWLER,,,Not in Squad,Unsold,3000000.0,36000.0,Declared,Declared
Ravi Kumar,Unknown,BOWLER,,,Not in Squad,Unsold,2000000.0,24000.0,Declared,Declared
Sushant Mishra,Unknown,BOWLER,,,SRH,Unsold,2000000.0,24000.0,Declared,Declared
Arzan Nagwaswalla,Unknown,BOWLER,,,Not in Squad,Unsold,2000000.0,24000.0,Declared,Declared
Ishan Porel,Unknown,BOWLER,,,PBKS,Unsold,2000000.0,24000.0,Declared,Declared
Akash Singh,Unknown,BOWLER,,,Not in Squad,Unsold,2000000.0,24000.0,Declared,Declared
Basil Thampi,Unknown,BOWLER,,,MI,Unsold,2000000.0,24000.0,Declared,Declared
Paul Van Meekeren,Unknown,BOWLER,,,Not in Squad,Unsold,2000000.0,24000.0,Declared,Declared
Vyshak Vijay Kumar,Unknown,BOWLER,,,Not in Squad,Unsold,2000000.0,24000.0,Declared,Declared
S.Ajith Ram,Unknown,BOWLER,,,Not in Squad,Unsold,2000000.0,24000.0,Declared,Declared
Satyajeet Bachhav,Unknown,BOWLER,,,Not in Squad,Unsold,2000000.0,24000.0,Declared,Declared
Tejas Baroka,Unknown,BOWLER,,,RR,Unsold,2000000.0,24000.0,Declared,Declared
Yuvraj Chudasama,Unknown,BOWLER,,,Not in Squad,Unsold,2000000.0,24000.0,Declared,Declared
Peter Hatzoglou,Unknown,BOWLER,,,Not in Squad,Unsold,2000000.0,24000.0,Declared,Declared
Karthik Meiyappan,Unknown,BOWLER,,,Not in Squad,Unsold,2000000.0,24000.0,Declared,Declared
Shivam Sharma,Unknown,BOWLER,,,Not in Squad,Unsold,2000000.0,24000.0,Declared,Declared
Reeza Hendricks,Unknown,BATSMAN,,,Not in Squad,Unsold,5000000.0,60000.0,Declared,Declared
Christiaan Jonker,Unknown,BATSMAN,,,Not in Squad,Unsold,5000000.0,60000.0,Declared,Declared
Brandon King,Unknown,BATSMAN,,,Not in Squad,Unsold,5000000.0,60000.0,Declared,Declared
Chris Lynn,Unknown,BATSMAN,,,Not in Squad,Unsold,20000000.0,240000.0,Declared,Declared
Karun Nair,Unknown,BATSMAN,,,RR,Unsold,5000000.0,60000.0,Declared,Declared
Pathum Nissaanka,Unknown,BATSMAN,,,Not in Squad,Unsold,5000000.0,60000.0,Declared,Declared
Jason Roy,Unknown,BATSMAN,,,GT,Unsold,1500000.0,18000.0,Declared,Declared
Gurkeerat Singh,Unknown,BATSMAN,,,GT,Unsold,5000000.0,60000.0,Declared,Declared
Harry Tector,Unknown,BATSMAN,,,Not in Squad,Unsold,5000000.0,60000.0,Declared,Declared
Najibullah Zadran,Unknown,BATSMAN,,,Not in Squad,Unsold,5000000.0,60000.0,Declared,Declared
Sean Abbott,Unknown,ALL-ROUNDER,,,SRH,Unsold,1500000.0,18000.0,Declared,Declared
Qais Ahmad,Unknown,ALL-ROUNDER,,,Not in Squad,Unsold,5000000.0,60000.0,Declared,Declared
Charith Asalanka,Unknown,ALL-ROUNDER,,,Not in Squad,Unsold,5000000.0,60000.0,Declared,Declared
Michael Bracewell,Unknown,ALL-ROUNDER,,,Not in Squad,Unsold,10000000.0,120000.0,Declared,Declared
Dominic Drakes,Unknown,ALL-ROUNDER,,,GT,Unsold,5000000.0,60000.0,Declared,Declared
George Garton,Unknown,ALL-ROUNDER,,,Not in Squad,Unsold,5000000.0,60000.0,Declared,Declared
Chamika Karunaratne,Unknown,ALL-ROUNDER,,,KKR,Unsold,5000000.0,60000.0,Declared,Declared
Jamie Overton,Unknown,ALL-ROUNDER,,,Not in Squad,Unsold,20000000.0,240000.0,Declared,Declared
Sandeep Warrier,Unknown,ALL-ROUNDER,,,Not in Squad,Unsold,5000000.0,60000.0,Declared,Declared
Ben Dwarshuis,Unknown,BOWLER,,,Not in Squad,Unsold,5000000.0,60000.0,Declared,Declared
Richard Gleeson,Unknown,BOWLER,,,Not in Squad,Unsold,5000000.0,60000.0,Declared,Declared
Lahiru Kumara,Unknown,BOWLER,,,Not in Squad,Unsold,5000000.0,60000.0,Declared,Declared
Dilshan Madushanka,Unknown,BOWLER,,,Not in Squad,Unsold,5000000.0,60000.0,Declared,Declared
Billy Stanlake,Unknown,BOWLER,,,Not in Squad,Unsold,5000000.0,60000.0,Declared,Declared
Andrew Tye,Unknown,BOWLER,,,LSG,Unsold,10000000.0,120000.0,Declared,Declared
Luke Wood,Unknown,BOWLER,,,Not in Squad,Unsold,10000000.0,120000.0,Declared,Declared
Priyansh Arya,Unknown,BATSMAN,,,Not in Squad,Unsold,2000000.0,24000.0,Declared,Declared
Matthew Breetzke,Unknown,BATSMAN,,,Not in Squad,Unsold,2000000.0,24000.0,Declared,Declared
Shivam Chauhan,Unknown,BATSMAN,,,Not in Squad,Unsold,2000000.0,24000.0,Declared,Declared
Rahul Gahlaut,Unknown,BATSMAN,,,Not in Squad,Unsold,2000000.0,24000.0,Declared,Declared
Sudip Gharami,Unknown,BATSMAN,,,Not in Squad,Unsold,2000000.0,24000.0,Declared,Declared
C. Hari Nishaanth,Unknown,BATSMAN,,,CSK,Unsold,2000000.0,24000.0,Declared,Declared
Amandeep Khare,Unknown,BATSMAN,,,Not in Squad,Unsold,2000000.0,24000.0,Declared,Declared
Bhanu Pania,Unknown,BATSMAN,,,Not in Squad,Unsold,2000000.0,24000.0,Declared,Declared
Ekant Sen,Unknown,BATSMAN,,,Not in Squad,Unsold,2000000.0,24000.0,Declared,Declared
Akash Singh,Unknown,BATSMAN,,,Not in Squad,Unsold,2000000.0,24000.0,Declared,Declared
Himanshu Bisht,Unknown,ALL-ROUNDER,,,Not in Squad,Unsold,2000000.0,24000.0,Declared,Declared
Mickil Jaiswal,Unknown,ALL-ROUNDER,,,Not in Squad,Unsold,2000000.0,24000.0,Declared,Declared
G.Aniketh Reddy,Unknown,ALL-ROUNDER,,,Not in Squad,Unsold,2000000.0,24000.0,Declared,Declared
Atit Sheth,Unknown,ALL-ROUNDER,,,Not in Squad,Unsold,2000000.0,24000.0,Declared,Declared
M. Siddharth,Unknown,ALL-ROUNDER,,,Not in Squad,Unsold,2000000.0,24000.0,Declared,Declared
Tanay Thyagarajann,Unknown,ALL-ROUNDER,,,Not in Squad,Unsold,2000000.0,24000.0,Declared,Declared
Sumeet Verma,Unknown,ALL-ROUNDER,,,Not in Squad,Unsold,2000000.0,24000.0,Declared,Declared
Sanjay Yadav,Unknown,ALL-ROUNDER,,,MI,Unsold,2000000.0,24000.0,Declared,Declared
Ajitesh Guruswamy,Unknown,WICKETKEEPER,,,Not in Squad,Unsold,2000000.0,24000.0,Declared,Declared
Yash Kothari,Unknown,WICKETKEEPER,,,Not in Squad,Unsold,2000000.0,24000.0,Declared,Declared
Suresh Kumar,Unknown,WICKETKEEPER,,,Not in Squad,Unsold,2000000.0,24000.0,Declared,Declared
Kumar Kushagra,Unknown,WICKETKEEPER,,,Not in Squad,Unsold,2000000.0,24000.0,Declared,Declared
Anmol Malhotra,Unknown,WICKETKEEPER,,,Not in Squad,Unsold,2000000.0,24000.0,Declared,Declared
Robin Minz,Unknown,WICKETKEEPER,,,Not in Squad,Unsold,2000000.0,24000.0,Declared,Declared
Agniv Pan,Unknown,WICKETKEEPER,,,Not in Squad,Unsold,2000000.0,24000.0,Declared,Declared
Priyesh Patel,Unknown,WICKETKEEPER,,,Not in Squad,Unsold,2000000.0,24000.0,Declared,Declared
Mitesh Patel,Unknown,WICKETKEEPER,,,Not in Squad,Unsold,2000000.0,24000.0,Declared,Declared
Abishek Porel,Unknown,WICKETKEEPER,,,Not in Squad,Unsold,2000000.0,24000.0,Declared,Declared
Bharat Sharma,Unknown,WICKETKEEPER,,,Not in Squad,Unsold,2000000.0,24000.0,Declared,Declared
Vivek Singh,Unknown,WICKETKEEPER,,,Not in Squad,Unsold,2000000.0,24000.0,Declared,Declared
Abhijeet Tomar,Unknown,WICKETKEEPER,,,KKR,Unsold,2000000.0,24000.0,Declared,Declared
Basit Bashir,Unknown,BOWLER,,,Not in Squad,Unsold,2000000.0,24000.0,Declared,Declared
Nandre Burger,Unknown,BOWLER,,,Not in Squad,Unsold,2000000.0,24000.0,Declared,Declared
Rasikh Dar,Unknown,BOWLER,,,KKR,Unsold,2000000.0,24000.0,Declared,Declared
Sakib Hussain,Unknown,BOWLER,,,Not in Squad,Unsold,2000000.0,24000.0,Declared,Declared
Waseem Khanday,Unknown,BOWLER,,,Not in Squad,Unsold,2000000.0,24000.0,Declared,Declared
Ravi Kiran Majeti,Unknown,BOWLER,,,Not in Squad,Unsold,2000000.0,24000.0,Declared,Declared
Lukman Hussain Meriwala,Unknown,BOWLER,,,Not in Squad,Unsold,2000000.0,24000.0,Declared,Declared
Anuj Raj,Unknown,BOWLER,,,Not in Squad,Unsold,2000000.0,24000.0,Declared,Declared
Ankit Singh Rajpoot,Unknown,BOWLER,,,LSG,Unsold,2000000.0,24000.0,Declared,Declared
Prince Yadav,Unknown,BOWLER,,,Not in Squad,Unsold,2000000.0,24000.0,Declared,Declared
Prithviraj Yarra,Unknown,BOWLER,,,Not in Squad,Unsold,2000000.0,24000.0,Declared,Declared
Mushtaq Beg,Unknown,BOWLER,,,Not in Squad,Unsold,2000000.0,24000.0,Declared,Declared
Rocky Bhasker,Unknown,BOWLER,,,Not in Squad,Unsold,2000000.0,24000.0,Declared,Declared
Sanjith Devaraj,Unknown,BOWLER,,,Not in Squad,Unsold,2000000.0,24000.0,Declared,Declared
Allah Mohammad,Unknown,BOWLER,,,Not in Squad,Unsold,2000000.0,24000.0,Declared,Declared
Lalit Mohan,Unknown,BOWLER,,,Not in Squad,Unsold,2000000.0,24000.0,Declared,Declared
Bhuwan Rohilla,Unknown,BOWLER,,,Not in Squad,Unsold,2000000.0,24000.0,Declared,Declared
Aman Sharma,Unknown,BOWLER,,,Not in Squad,Unsold,2000000.0,24000.0,Declared,Declared
Manav Suthar,Unknown,BOWLER,,,Not in Squad,Unsold,2000000.0,24000.0,Declared,Declared
Tom Curran,Unknown,ALL-ROUNDER,,,Not in Squad,Unsold,7500000.0,90000.0,Declared,Declared
Moises Henriques,Unknown,ALL-ROUNDER,,,Not in Squad,Unsold,10000000.0,120000.0,Declared,Declared
Afif Hossain,Unknown,ALL-ROUNDER,,,Not in Squad,Unsold,5000000.0,60000.0,Declared,Declared
Scott Kuggeleijn,Unknown,ALL-ROUNDER,,,Not in Squad,Unsold,5000000.0,60000.0,Declared,Declared
Sisanda Magala,Unknown,ALL-ROUNDER,,,Not in Squad,Unsold,5000000.0,60000.0,Declared,Declared
Craig Overton,Unknown,ALL-ROUNDER,,,Not in Squad,Unsold,20000000.0,240000.0,Declared,Declared
Darcy Short,Unknown,ALL-ROUNDER,,,Not in Squad,Unsold,7500000.0,90000.0,Declared,Declared
Dhananjaya Silva,Unknown,ALL-ROUNDER,,,Not in Squad,Unsold,5000000.0,60000.0,Declared,Declared
Dunith Wellalage,Unknown,ALL-ROUNDER,,,Not in Squad,Unsold,5000000.0,60000.0,Declared,Declared
Varun Aaron,Unknown,BOWLER,,,GT,Unsold,5000000.0,60000.0,Declared,Declared
Sheldon Cottrel,Unknown,BOWLER,,,Not in Squad,Unsold,5000000.0,60000.0,Declared,Declared
Nathan Coulter-Nile,Unknown,BOWLER,,,RR,Unsold,1500000.0,18000.0,Declared,Declared
Daryn Dupavillon,Unknown,BOWLER,,,Not in Squad,Unsold,5000000.0,60000.0,Declared,Declared
Matt Henry,Unknown,BOWLER,,,Not in Squad,Unsold,10000000.0,120000.0,Declared,Declared
Dhawal Kulkarni,Unknown,BOWLER,,,Not in Squad,Unsold,5000000.0,60000.0,Declared,Declared
Tymal Mills,Unknown,BOWLER,,,MI,Unsold,20000000.0,240000.0,Declared,Declared
David Payne,Unknown,BOWLER,,,Not in Squad,Unsold,7500000.0,90000.0,Declared,Declared
Barinder Sran,Unknown,BOWLER,,,Not in Squad,Unsold,5000000.0,60000.0,Declared,Declared
Glenton Stuurman,Unknown,BOWLER,,,Not in Squad,Unsold,5000000.0,60000.0,Declared,Declared
Anirudh Balachander,Unknown,BATSMAN,,,Not in Squad,Unsold,2000000.0,24000.0,Declared,Declared
Gourav Choudhary,Unknown,BATSMAN,,,Not in Squad,Unsold,2000000.0,24000.0,Declared,Declared
Saurav Chuahan,Unknown,BATSMAN,,,Not in Squad,Unsold,2000000.0,24000.0,Declared,Declared
Kumar Deobrat,Unknown,BATSMAN,,,Not in Squad,Unsold,2000000.0,24000.0,Declared,Declared
Chirag Gandhi,Unknown,BATSMAN,,,Not in Squad,Unsold,2000000.0,24000.0,Declared,Declared
Arman Jaffer,Unknown,BATSMAN,,,Not in Squad,Unsold,2000000.0,24000.0,Declared,Declared
Madhav Kaushik,Unknown,BATSMAN,,,Not in Squad,Unsold,2000000.0,24000.0,Declared,Declared
Priyank Panchal,Unknown,BATSMAN,,,Not in Squad,Unsold,2000000.0,24000.0,Declared,Declared
Ayush Pandey,Unknown,BATSMAN,,,Not in Squad,Unsold,2000000.0,24000.0,Declared,Declared
Rohan Patil,Unknown,BATSMAN,,,Not in Squad,Unsold,2000000.0,24000.0,Declared,Declared
Sanjay Ramaswamy,Unknown,BATSMAN,,,Not in Squad,Unsold,2000000.0,24000.0,Declared,Declared
Siddharth Yadav,Unknown,BATSMAN,,,Not in Squad,Unsold,2000000.0,24000.0,Declared,Declared
Rehan Ahmed,Unknown,ALL-ROUNDER,,,Not in Squad,Unsold,4000000.0,48000.0,Declared,Declared
Prayas Barman,Unknown,ALL-ROUNDER,,,Not in Squad,Unsold,2000000.0,24000.0,Declared,Declared
Rahul Buddhi,Unknown,ALL-ROUNDER,,,MI,Unsold,2000000.0,24000.0,Declared,Declared
Vaisakh Chandran,Unknown,ALL-ROUNDER,,,Not in Squad,Unsold,2000000.0,24000.0,Declared,Declared
Writtick Chatterjee,Unknown,ALL-ROUNDER,,,PBKS,Unsold,2000000.0,24000.0,Declared,Declared
Prashant Chopra,Unknown,ALL-ROUNDER,,,Not in Squad,Unsold,2000000.0,24000.0,Declared,Declared
Harsh Dubey,Unknown,ALL-ROUNDER,,,Not in Squad,Unsold,2000000.0,24000.0,Declared,Declared
Tanush Kotian,Unknown,ALL-ROUNDER,,,Not in Squad,Unsold,2000000.0,24000.0,Declared,Declared
Ninad Rathva,Unknown,ALL-ROUNDER,,,Not in Squad,Unsold,2000000.0,24000.0,Declared,Declared
B. Surya,Unknown,ALL-ROUNDER,,,Not in Squad,Unsold,2000000.0,24000.0,Declared,Declared
Jordan Thompson,Unknown,ALL-ROUNDER,,,Not in Squad,Unsold,4000000.0,48000.0,Declared,Declared
Shivank Vashisth,Unknown,ALL-ROUNDER,,,Not in Squad,Unsold,2000000.0,24000.0,Declared,Declared
Ankush Bains,Unknown,WICKETKEEPER,,,Not in Squad,Unsold,2000000.0,24000.0,Declared,Declared
Christopher Benjamin,Unknown,WICKETKEEPER,,,Not in Squad,Unsold,2000000.0,24000.0,Declared,Declared
Connor Esterhuizen,Unknown,WICKETKEEPER,,,Not in Squad,Unsold,2000000.0,24000.0,Declared,Declared
Mohd Arslan Khan,Unknown,WICKETKEEPER,,,Not in Squad,Unsold,2000000.0,24000.0,Declared,Declared
Mamidi Krishna,Unknown,WICKETKEEPER,,,Not in Squad,Unsold,2000000.0,24000.0,Declared,Declared
Fazil Makaya,Unknown,WICKETKEEPER,,,Not in Squad,Unsold,2000000.0,24000.0,Declared,Declared
Akshdeep Nath,Unknown,WICKETKEEPER,,,Not in Squad,Unsold,2000000.0,24000.0,Declared,Declared
Deepak Punia,Unknown,WICKETKEEPER,,,Not in Squad,Unsold,2000000.0,24000.0,Declared,Declared
Ateev Saini,Unknown,WICKETKEEPER,,,Not in Squad,Unsold,2000000.0,24000.0,Declared,Declared
Bipin Saurabh,Unknown,WICKETKEEPER,,,Not in Squad,Unsold,2000000.0,24000.0,Declared,Declared
B.R. Sharath,Unknown,WICKETKEEPER,,,Not in Squad,Unsold,2000000.0,24000.0,Declared,Declared
Yashovardhan Singh,Unknown,WICKETKEEPER,,,Not in Squad,Unsold,2000000.0,24000.0,Declared,Declared
Lakshay Thareja,Unknown,WICKETKEEPER,,,Not in Squad,Unsold,2000000.0,24000.0,Declared,Declared
Mohit Avasthi,Unknown,BOWLER,,,Not in Squad,Unsold,2000000.0,24000.0,Declared,Declared
Ottneil Baartman,Unknown,BOWLER,,,Not in Squad,Unsold,2000000.0,24000.0,Declared,Declared
Gurnoor Singh Brar,Unknown,BOWLER,,,Not in Squad,Unsold,2000000.0,24000.0,Declared,Declared
Shahrukh Dar,Unknown,BOWLER,,,Not in Squad,Unsold,2000000.0,24000.0,Declared,Declared
Thomas Helm,Unknown,BOWLER,,,Not in Squad,Unsold,4000000.0,48000.0,Declared,Declared
Pankaj Jaswal,Unknown,BOWLER,,,Not in Squad,Unsold,2000000.0,24000.0,Declared,Declared
Venkatesh Muralidhara,Unknown,BOWLER,,,Not in Squad,Unsold,2000000.0,24000.0,Declared,Declared
Geet Puri,Unknown,BOWLER,,,Not in Squad,Unsold,2000000.0,24000.0,Declared,Declared
E. Sanketh,Unknown,BOWLER,,,Not in Squad,Unsold,2000000.0,24000.0,Declared,Declared
Ajay Sarkar,Unknown,BOWLER,,,Not in Squad,Unsold,2000000.0,24000.0,Declared,Declared
Ashok Sharma,Unknown,BOWLER,,,Not in Squad,Unsold,2000000.0,24000.0,Declared,Declared
Kanwar Singh,Unknown,BOWLER,,,Not in Squad,Unsold,2000000.0,24000.0,Declared,Declared
Fabian Allen,Unknown,ALL-ROUNDER,,,MI,Unsold,5000000.0,60000.0,Declared,Declared
Carlos Brathwaite,Unknown,ALL-ROUNDER,,,Not in Squad,Unsold,7500000.0,90000.0,Declared,Declared
Roston Chase,Unknown,ALL-ROUNDER,,,Not in Squad,Unsold,10000000.0,120000.0,Declared,Declared
Rahkeem Cornwall,Unknown,ALL-ROUNDER,,,Not in Squad,Unsold,10000000.0,120000.0,Declared,Declared
Karim Janat,Unknown,ALL-ROUNDER,,,Not in Squad,Unsold,5000000.0,60000.0,Declared,Declared
Keshav Maharaj,Unknown,ALL-ROUNDER,,,Not in Squad,Unsold,5000000.0,60000.0,Declared,Declared
Pawan Negi,Unknown,ALL-ROUNDER,,,Not in Squad,Unsold,5000000.0,60000.0,Declared,Declared
Keemo Paul,Unknown,ALL-ROUNDER,,,Not in Squad,Unsold,5000000.0,60000.0,Declared,Declared
Shivam Chaudhary,Unknown,ALL-ROUNDER,,,Not in Squad,Unsold,2000000.0,24000.0,Declared,Declared
Ashwin Das,Unknown,ALL-ROUNDER,,,Not in Squad,Unsold,2000000.0,24000.0,Declared,Declared
James Fuller,Unknown,ALL-ROUNDER,,,Not in Squad,Unsold,4000000.0,48000.0,Declared,Declared
Chirag Jani,Unknown,ALL-ROUNDER,,,Not in Squad,Unsold,2000000.0,24000.0,Declared,Declared
Akshay Karnewar,Unknown,ALL-ROUNDER,,,Not in Squad,Unsold,2000000.0,24000.0,Declared,Declared
Bhagmender Lather,Unknown,ALL-ROUNDER,,,Not in Squad,Unsold,2000000.0,24000.0,Declared,Declared
Lone Muzaffar,Unknown,ALL-ROUNDER,,,Not in Squad,Unsold,2000000.0,24000.0,Declared,Declared
Pulkit Narang,Unknown,ALL-ROUNDER,,,Not in Squad,Unsold,2000000.0,24000.0,Declared,Declared
Rohit Rayudu,Unknown,ALL-ROUNDER,,,Not in Squad,Unsold,2000000.0,24000.0,Declared,Declared
Sameer Rizvi,Unknown,ALL-ROUNDER,,,Not in Squad,Unsold,2000000.0,24000.0,Declared,Declared
Tunish Sawkar,Unknown,ALL-ROUNDER,,,Not in Squad,Unsold,2000000.0,24000.0,Declared,Declared
Auqib Dar,Unknown,BOWLER,,,Not in Squad,Unsold,2000000.0,24000.0,Declared,Declared
Mukhtar Hussain,Unknown,BOWLER,,,Not in Squad,Unsold,2000000.0,24000.0,Declared,Declared
Ashwani Kumar,Unknown,BOWLER,,,Not in Squad,Unsold,2000000.0,24000.0,Declared,Declared
Hemant Kumar,Unknown,BOWLER,,,Not in Squad,Unsold,2000000.0,24000.0,Declared,Declared
Nathan McAndrew,Unknown,BOWLER,,,Not in Squad,Unsold,2000000.0,24000.0,Declared,Declared
Rajesh Mohanty,Unknown,BOWLER,,,Not in Squad,Unsold,2000000.0,24000.0,Declared,Declared
Ravi Sharma,Unknown,BOWLER,,,Not in Squad,Unsold,2000000.0,24000.0,Declared,Declared
Vikash Singh,Unknown,BOWLER,,,Not in Squad,Unsold,2000000.0,24000.0,Declared,Declared
Ruben Trumpelmann,Unknown,BOWLER,,,Not in Squad,Unsold,2000000.0,24000.0,Declared,Declared
Koushik Vasuki,Unknown,BOWLER,,,Not in Squad,Unsold,2000000.0,24000.0,Declared,Declared
Vasu Vats,Unknown,BOWLER,,,Not in Squad,Unsold,2000000.0,24000.0,Declared,Declared
Shubham Agrawal,Unknown,ALL-ROUNDER,,,Not in Squad,Unsold,2000000.0,24000.0,Declared,Declared
Baba Aparajith,Unknown,ALL-ROUNDER,,,Not in Squad,Unsold,2000000.0,24000.0,Declared,Declared
Anshul Kamboj,Unknown,ALL-ROUNDER,,,Not in Squad,Unsold,2000000.0,24000.0,Declared,Declared
Azim Kazi,Unknown,ALL-ROUNDER,,,Not in Squad,Unsold,2000000.0,24000.0,Declared,Declared
Dev Lakra,Unknown,ALL-ROUNDER,,,Not in Squad,Unsold,2000000.0,24000.0,Declared,Declared
Jitender Pal,Unknown,ALL-ROUNDER,,,Not in Squad,Unsold,2000000.0,24000.0,Declared,Declared
Ritwik Roy Chowdhury,Unknown,ALL-ROUNDER,,,Not in Squad,Unsold,2000000.0,24000.0,Declared,Declared
Utkarsh Singh,Unknown,ALL-ROUNDER,,,Not in Squad,Unsold,2000000.0,24000.0,Declared,Declared
Shubham Singh,Unknown,ALL-ROUNDER,,,Not in Squad,Unsold,2000000.0,24000.0,Declared,Declared
Avneesh Sudha,Unknown,ALL-ROUNDER,,,Not in Squad,Unsold,2000000.0,24000.0,Declared,Declared
Asad Jamil Ahmed,Unknown,BOWLER,,,Not in Squad,Unsold,2000000.0,24000.0,Declared,Declared
Bandaru Ayyappa,Unknown,BOWLER,,,Not in Squad,Unsold,2000000.0,24000.0,Declared,Declared
Aashish Bhatt,Unknown,BOWLER,,,Not in Squad,Unsold,2000000.0,24000.0,Declared,Declared
McKenny Clarke,Unknown,BOWLER,,,Not in Squad,Unsold,2000000.0,24000.0,Declared,Declared
Shubham Kapse,Unknown,BOWLER,,,Not in Squad,Unsold,2000000.0,24000.0,Declared,Declared
Gourav Koul,Unknown,BOWLER,,,Not in Squad,Unsold,2000000.0,24000.0,Declared,Declared
Raunak Kumar,Unknown,BOWLER,,,Not in Squad,Unsold,2000000.0,24000.0,Declared,Declared
Trilok Nag,Unknown,BOWLER,,,Not in Squad,Unsold,2000000.0,24000.0,Declared,Declared
Atal Bihari Rai,Unknown,BOWLER,,,Not in Squad,Unsold,2000000.0,24000.0,Declared,Declared
Ramon Simmonds,Unknown,BOWLER,,,Not in Squad,Unsold,2000000.0,24000.0,Declared,Declared
Rajeev Singh,Unknown,BOWLER,,,Not in Squad,Unsold,2000000.0,24000.0,Declared,Declared
Mohd. Wasim,Unknown,BOWLER,,,Not in Squad,Unsold,2000000.0,24000.0,Declared,Declared
Atharva Ankolekar,Unknown,ALL-ROUNDER,,,Not in Squad,Unsold,2000000.0,24000.0,Declared,Declared
Khizar Dafedar,Unknown,ALL-ROUNDER,,,Not in Squad,Unsold,2000000.0,24000.0,Declared,Declared
Naman Dhir,Unknown,ALL-ROUNDER,,,Not in Squad,Unsold,2000000.0,24000.0,Declared,Declared
Sahil Dhiwan,Unknown,ALL-ROUNDER,,,Not in Squad,Unsold,2000000.0,24000.0,Declared,Declared
Sampark Gupta,Unknown,ALL-ROUNDER,,,Not in Squad,Unsold,2000000.0,24000.0,Declared,Declared
Jordan Hermann,Unknown,ALL-ROUNDER,,,Not in Squad,Unsold,2000000.0,24000.0,Declared,Declared
Hayden Kerr,Unknown,ALL-ROUNDER,,,Not in Squad,Unsold,2000000.0,24000.0,Declared,Declared
Salman Khan,Unknown,ALL-ROUNDER,,,Not in Squad,Unsold,2000000.0,24000.0,Declared,Declared
Sairaj Patil,Unknown,ALL-ROUNDER,,,Not in Squad,Unsold,2000000.0,24000.0,Declared,Declared
Divyaansh Saxena,Unknown,ALL-ROUNDER,,,Not in Squad,Unsold,2000000.0,24000.0,Declared,Declared
Purnank Tyagi,Unknown,ALL-ROUNDER,,,Not in Squad,Unsold,2000000.0,24000.0,Declared,Declared
Prince Yadav,Unknown,ALL-ROUNDER,,,Not in Squad,Unsold,2000000.0,24000.0,Declared,Declared
Deepraj Gaonkar,Unknown,ALL-ROUNDER,,,Not in Squad,Unsold,2000000.0,24000.0,Declared,Declared
Shubham Garhwal,Unknown,ALL-ROUNDER,,,RR,Unsold,2000000.0,24000.0,Declared,Declared
Benny Howell,Unknown,ALL-ROUNDER,,,PBKS,Unsold,4000000.0,48000.0,Declared,Declared
Deepesh Nailwal,Unknown,ALL-ROUNDER,,,Not in Squad,Unsold,2000000.0,24000.0,Declared,Declared
Arjun Rapria,Unknown,ALL-ROUNDER,,,Not in Squad,Unsold,2000000.0,24000.0,Declared,Declared
Shashwat Rawat,Unknown,ALL-ROUNDER,,,Not in Squad,Unsold,2000000.0,24000.0,Declared,Declared
Sumit Ruikar,Unknown,ALL-ROUNDER,,,Not in Squad,Unsold,2000000.0,24000.0,Declared,Declared
Shivam Sharma,Unknown,ALL-ROUNDER,,,Not in Squad,Unsold,2000000.0,24000.0,Declared,Declared
Rajandeep Singh,Unknown,ALL-ROUNDER,,,Not in Squad,Unsold,2000000.0,24000.0,Declared,Declared
Anunay Singh,Unknown,ALL-ROUNDER,,,Not in Squad,Unsold,2000000.0,24000.0,Declared,Declared
Digvesh Singh,Unknown,ALL-ROUNDER,,,Not in Squad,Unsold,2000000.0,24000.0,Declared,Declared
Pranshu Vijayran,Unknown,ALL-ROUNDER,,,Not in Squad,Unsold,2000000.0,24000.0,Declared,Declared
Prerit Dutta,Unknown,ALL-ROUNDER,,,Not in Squad,Unsold,2000000.0,24000.0,Declared,Declared
Ramakrishna Ghosh,Unknown,ALL-ROUNDER,,,Not in Squad,Unsold,2000000.0,24000.0,Declared,Declared
Shubhang Hegde,Unknown,ALL-ROUNDER,,,Not in Squad,Unsold,2000000.0,24000.0,Declared,Declared
Shamshuzama Kazi,Unknown,ALL-ROUNDER,,,Not in Squad,Unsold,2000000.0,24000.0,Declared,Declared
Ayaz Khan,Unknown,ALL-ROUNDER,,,Not in Squad,Unsold,2000000.0,24000.0,Declared,Declared
Amit Pachhara,Unknown,ALL-ROUNDER,,,Not in Squad,Unsold,2000000.0,24000.0,Declared,Declared
Akul Pandove,Unknown,ALL-ROUNDER,,,Not in Squad,Unsold,2000000.0,24000.0,Declared,Declared
Garv Sangwan,Unknown,ALL-ROUNDER,,,Not in Squad,Unsold,2000000.0,24000.0,Declared,Declared
Shubham Sharma,Unknown,ALL-ROUNDER,,,Not in Squad,Unsold,2000000.0,24000.0,Declared,Declared
Amit Yadav,Unknown,ALL-ROUNDER,,,Not in Squad,Unsold,2000000.0,24000.0,Declared,Declared
Amit Ali,Unknown,ALL-ROUNDER,,,Not in Squad,Unsold,2000000.0,24000.0,Declared,Declared
Rishabh Chauhan,Unknown,ALL-ROUNDER,,,Not in Squad,Unsold,2000000.0,24000.0,Declared,Declared
Matthew Forde,Unknown,ALL-ROUNDER,,,Not in Squad,Unsold,2000000.0,24000.0,Declared,Declared
Sammar Gajjar,Unknown,ALL-ROUNDER,,,Not in Squad,Unsold,2000000.0,24000.0,Declared,Declared
Rajneesh Gurbani,Unknown,ALL-ROUNDER,,,Not in Squad,Unsold,2000000.0,24000.0,Declared,Declared
Divyansh Joshi,Unknown,ALL-ROUNDER,,,Not in Squad,Unsold,2000000.0,24000.0,Declared,Declared
Dhruv Patel,Unknown,ALL-ROUNDER,,,Not in Squad,Unsold,2000000.0,24000.0,Declared,Declared
Jack Prestwidge,Unknown,ALL-ROUNDER,,,Not in Squad,Unsold,2000000.0,24000.0,Declared,Declared
Aditya Sarvate,Unknown,ALL-ROUNDER,,,Not in Squad,Unsold,2000000.0,24000.0,Declared,Declared
Sagar Solanki,Unknown,ALL-ROUNDER,,,Not in Squad,Unsold,2000000.0,24000.0,Declared,Declared
Prenelan Subrayen,Unknown,ALL-ROUNDER,,,Not in Squad,Unsold,2000000.0,24000.0,Declared,Declared
