PassengerId,Survived,Pclass,Name,Sex,Age,SibSp,Parch,Ticket,Fare,Embarked,FamilySize
1,0,3,"Braund, Mr. Owen Harris",male,-0.10140115968516693,1,0,A/5 21171,-0.5024451714361923,S,2
2,1,1,"Cumings, Mrs. John Bradley (Florence Briggs Thayer)",female,0.8083376272699871,1,0,PC 17599,0.7868452935884461,C,2
3,1,3,"Heikkinen, Miss. Laina",female,0.1260335370536216,0,0,STON/O2. 3101282,-0.4888542575852486,S,1
4,1,1,"Futrelle, Mrs. Jacques Heath (Lily May Peel)",female,0.6377616047158957,1,0,113803,0.4207302360686478,S,2
5,0,3,"Allen, Mr. William Henry",male,0.6377616047158957,0,0,373450,-0.4863374216869257,S,1
6,0,3,"Moran, Mr. James",male,-1.3522919917485037,0,0,330877,-0.47811642890864375,Q,1
7,0,1,"McCarthy, Mr. Timothy J",male,1.7180764142251412,0,0,17463,0.395813560675251,S,1
8,0,3,"Palsson, Master. Gosta Leonard",male,-1.2385746433791096,3,1,349909,-0.22408312108167944,S,5
9,1,3,"Johnson, Mrs. Oscar W (Elisabeth Vilhelmina Berg)",female,0.18289221123831872,0,2,347742,-0.4242561406845337,S,3
10,1,2,"Nasser, Mrs. Nicholas (Adele Achem)",female,-0.556270553162744,1,0,237736,-0.04295550208861426,C,2
11,1,3,"Sandstrom, Miss. Marguerite Rut",female,-1.1248572950097153,1,1,PP 9549,-0.312172377522981,S,3
12,1,1,"Bonnell, Miss. Elizabeth",female,1.9455111109639296,0,0,113783,-0.11384570873513637,S,1
13,0,3,"Saundercock, Mr. William Henry",male,-0.21511850805456117,0,0,A/5. 2151,-0.4863374216869257,S,1
14,0,3,"Andersson, Mr. Anders Johan",male,0.8651963014546843,1,5,347082,-0.01870931177853076,S,7
15,0,3,"Vestrom, Miss. Hulda Amanda Adolfina",female,-0.556270553162744,0,0,350406,-0.4902797934380587,S,1
16,1,2,"Hewlett, Mrs. (Mary D Kingcome) ",female,1.7749350884098383,0,0,248706,-0.3262666585535892,S,1
17,0,3,"Rice, Master. Eugene",male,-1.2385746433791096,4,1,382652,-0.06199888922968463,Q,6
18,1,2,"Williams, Mr. Charles Eugene",male,-1.3522919917485037,0,0,244373,-0.3866707201133388,S,1
19,0,3,"Vander Planke, Mrs. Julius (Emelia Maria Vandemoortele)",female,0.41032690797710725,1,0,345763,-0.2859972841804228,S,2
20,1,3,"Masselmani, Mrs. Fatima",female,-1.3522919917485037,0,0,2649,-0.5029485386158568,C,1
21,0,2,"Fynney, Mr. Joseph J",male,0.6377616047158957,0,0,239865,-0.12491978668775715,S,1
22,1,2,"Beesley, Mr. Lawrence",male,0.5809029305311987,0,0,248698,-0.3866707201133388,S,1
23,1,3,"McGowan, Miss. Anna ""Annie""",female,-0.49941187897804684,0,0,330923,-0.4867562231804066,Q,1
24,1,1,"Sloper, Mr. William Thompson",male,0.23975088542301587,0,0,113788,0.06635974158478332,S,1
25,0,3,"Palsson, Miss. Torborg Danira",female,-0.8974225982709267,3,1,349909,-0.22408312108167944,S,5
26,1,3,"Asplund, Mrs. Carl Oscar (Selma Augusta Emilia Johansson)",female,0.8083376272699871,1,5,347077,-0.016444159470040135,S,7
27,0,3,"Emir, Mr. Farred Chehab",male,-1.3522919917485037,0,0,2631,-0.5029485386158568,C,1
28,0,1,"Fortune, Mr. Charles Alexander",male,-0.2719771822392583,3,2,19950,4.647001076532463,S,6
29,1,3,"O'Dwyer, Miss. Ellen ""Nellie""",female,-1.3522919917485037,0,0,330959,-0.48977642625839407,Q,1
30,0,3,"Todoroff, Mr. Lalio",male,-1.3522919917485037,0,0,349216,-0.4894421904510968,S,1
31,0,1,"Uruchurtu, Don. Manuel E",male,0.9220549756393814,0,0,PC 17601,-0.09027201697708476,C,1
32,1,1,"Spencer, Mrs. William Augustus (Marie Eugenie)",female,-1.3522919917485037,1,0,PC 17569,2.301728820789,C,2
33,1,3,"Glynn, Miss. Mary Agatha",female,-1.3522919917485037,0,0,335677,-0.49237782784290063,Q,1
34,0,2,"Wheadon, Mr. Edward H",male,2.4003805044415065,0,0,C.A. 24579,-0.43700743807979686,S,1
35,0,1,"Meyer, Mr. Edgar Joseph",male,0.23975088542301587,1,0,PC 17604,1.0060617003323709,C,2
36,0,1,"Holverson, Mr. Alexander Oskar",male,1.0357723240087757,1,0,113789,0.39858208016340624,S,2
37,1,3,"Mamee, Mr. Hanna",male,-1.3522919917485037,0,0,2677,-0.5028639729296732,C,1
38,0,3,"Cann, Mr. Ernest Charles",male,-0.15825983386986406,0,0,A./5. 2152,-0.4863374216869257,S,1
39,0,3,"Vander Planke, Miss. Augusta Maria",female,-0.32883585642395546,2,0,345764,-0.2859972841804228,S,3
40,1,3,"Nicola-Yarred, Miss. Jamila",female,-0.556270553162744,1,0,2651,-0.42207354059350805,C,2
41,0,3,"Ahlin, Mrs. Johan (Johanna Persdotter Larsson)",female,0.9220549756393814,1,0,7546,-0.4576454924460446,S,2
42,0,2,"Turpin, Mrs. William John Robert (Dorothy Ann Wonnacott)",female,0.18289221123831872,1,0,11668,-0.22559322262067316,S,2
43,0,3,"Kraeff, Mr. Theodor",male,-1.3522919917485037,0,0,349253,-0.4894421904510968,C,1
44,1,2,"Laroche, Miss. Simonne Marie Anne Andree",female,-1.1817159691944124,1,2,SC/Paris 2123,0.18876253192945994,C,4
45,1,3,"Devaney, Miss. Margaret Delia",female,-0.2719771822392583,0,0,330958,-0.48977642625839407,Q,1
46,0,3,"Rogers, Mr. William John",male,-1.3522919917485037,0,0,S.C./A.4. 23567,-0.4863374216869257,S,1
47,0,3,"Lennon, Mr. Denis",male,-1.3522919917485037,1,0,370371,-0.3363340021468808,Q,2
48,1,3,"O'Driscoll, Miss. Bridget",female,-1.3522919917485037,0,0,14311,-0.49237782784290063,Q,1
49,0,3,"Samaan, Mr. Youssef",male,-1.3522919917485037,2,0,2662,-0.21191774308354583,C,3
50,0,3,"Arnold-Franchi, Mrs. Josef (Josefine Franchi)",female,-0.32883585642395546,1,0,349237,-0.29002422161773944,S,2
51,0,3,"Panula, Master. Juha Niilo",male,-0.9542812724556239,4,1,3101295,0.1506737441786005,S,6
52,0,3,"Nosworthy, Mr. Richard Cater",male,-0.15825983386986406,0,0,A/4. 39886,-0.4913710934835715,S,1
53,1,1,"Harper, Mrs. Henry Sleeper (Myna Haxtun)",female,1.4337830433016556,1,0,PC 17572,0.8964967865378598,C,2
54,1,2,"Faunthorpe, Mrs. Lizzie (Elizabeth Anne Wilkinson)",female,0.296609559607713,1,0,2926,-0.12491978668775715,S,2
55,0,1,"Ostby, Mr. Engelhart Cornelius",male,2.3435218302568095,0,1,113509,0.5995101505357573,C,2
56,1,1,"Woolner, Mr. Hugh",male,-1.3522919917485037,0,0,19947,0.06635974158478332,S,1
57,1,2,"Rugg, Miss. Emily",female,-0.15825983386986406,0,0,C.A. 31026,-0.43700743807979686,S,1
58,0,3,"Novel, Mr. Mansouer",male,0.23975088542301587,0,0,2697,-0.5028639729296732,C,1
59,1,2,"West, Miss. Constance Mirium",female,-1.067998620825018,1,2,C.A. 34651,-0.08968408411123653,S,4
60,0,3,"Goodwin, Master. William Frederick",male,-0.7268465757168353,5,2,CA 2144,0.2958951755118318,S,8
61,0,3,"Sirayanian, Mr. Orsen",male,-0.10140115968516693,0,0,2669,-0.5028639729296732,C,1
62,1,1,"Icard, Miss. Amelie",female,0.8083376272699871,0,0,113572,0.962353321387736,,1
63,0,1,"Harris, Mr. Henry Birkhardt",male,1.206348346562867,1,0,36973,1.0323213593611125,S,2
64,0,3,"Skoog, Master. Harald",male,-1.1248572950097153,3,2,347088,-0.08666388103324908,S,6
65,0,1,"Stewart, Mr. Albert A",male,-1.3522919917485037,0,0,PC 17605,-0.09027201697708476,C,1
66,1,3,"Moubarek, Master. Gerios",male,-1.3522919917485037,1,1,2661,-0.3414522396297103,C,3
67,1,2,"Nye, Mrs. (Elizabeth Ramell)",female,0.296609559607713,0,0,C.A. 29395,-0.43700743807979686,S,1
68,0,3,"Crease, Mr. Ernest James",male,-0.2719771822392583,0,0,S.P. 3464,-0.4841568350646187,S,1
69,1,3,"Andersson, Miss. Erna Alexandra",female,-0.38569453060865255,4,2,3101281,-0.4888542575852486,S,7
70,0,3,"Kink, Mr. Vincenz",male,0.1260335370536216,2,0,315151,-0.47400492578514347,S,3
71,0,2,"Jenkin, Mr. Stephen Curnow",male,0.4671855821618044,0,0,C.A. 33111,-0.43700743807979686,S,1
72,0,3,"Goodwin, Miss. Lillian Amy",female,-0.4425532047933497,5,2,CA 2144,0.2958951755118318,S,8
73,0,2,"Hood, Mr. Ambrose Jr",male,-0.15825983386986406,0,0,S.O.C. 14879,0.8314778546749452,S,1
74,0,3,"Chronopoulos, Mr. Apostolos",male,0.1260335370536216,1,0,2680,-0.3573908580066095,C,2
75,1,3,"Bing, Mr. Lee",male,0.4671855821618044,0,0,1601,0.48910360681684706,S,1
76,0,3,"Moen, Mr. Sigurd Hansen",male,0.06917486286892446,0,0,348123,-0.494391296561559,S,1
77,0,3,"Staneff, Mr. Ivan",male,-1.3522919917485037,0,0,349208,-0.4894421904510968,S,1
78,0,3,"Moutal, Mr. Rahamin Haim",male,-1.3522919917485037,0,0,374746,-0.4863374216869257,S,1
79,1,2,"Caldwell, Master. Alden Gates",male,-1.3522919917485037,0,2,248738,-0.06451572512800753,S,3
80,1,3,"Dowdell, Miss. Elizabeth",female,0.3534682337924101,0,0,364516,-0.397241430886295,S,1
81,0,3,"Waelens, Mr. Achille",male,-0.10140115968516693,0,0,345767,-0.46720946885967163,S,1
82,1,3,"Sheerlinck, Mr. Jan Baptist",male,0.296609559607713,0,0,345779,-0.45714212526638004,S,1
83,1,3,"McDermott, Miss. Brigdet Delia",female,-1.3522919917485037,0,0,330932,-0.49162277707340374,Q,1
84,0,1,"Carrau, Mr. Francisco M",male,0.23975088542301587,0,0,113059,0.29992211294914856,S,1
85,1,2,"Ilett, Miss. Bertha",female,-0.38569453060865255,0,0,SO/C 14885,-0.43700743807979686,S,1
86,1,3,"Backstrom, Mrs. Karl Alfred (Maria Mathilda Gustafsson)",female,0.5240442563465015,3,0,3101278,-0.32928686163157667,S,4
87,0,3,"Ford, Mr. William Neal",male,-0.4425532047933497,1,3,W./C. 6608,0.04370821849987721,S,5
88,0,3,"Slocovski, Mr. Selman Francis",male,-1.3522919917485037,0,0,SOTON/OQ 392086,-0.4863374216869257,S,1
89,1,1,"Fortune, Miss. Mabel Helen",female,-0.04454248550046979,3,2,19950,4.647001076532463,S,6
90,0,3,"Celotti, Mr. Francesco",male,0.012316188684227338,0,0,343275,-0.4863374216869257,S,1
91,0,3,"Christmann, Mr. Emil",male,0.296609559607713,0,0,343276,-0.4863374216869257,S,1
92,0,3,"Andreasson, Mr. Paul Edvin",male,-0.21511850805456117,0,0,347466,-0.4902797934380587,S,1
93,0,1,"Chaffee, Mr. Herbert Fuller",male,1.2632070207475643,1,0,W.E.P. 5734,0.5833178351003071,S,2
94,0,3,"Dean, Mr. Bertram Frank",male,0.1260335370536216,1,2,C.A. 2315,-0.23415046467497105,S,4
95,0,3,"Coxon, Mr. Daniel",male,2.002369785148627,0,0,364500,-0.5024451714361923,S,1
96,0,3,"Shorney, Mr. Charles Joseph",male,-1.3522919917485037,0,0,374910,-0.4863374216869257,S,1
97,0,1,"Goldschmidt, Mr. George B",male,2.684673875364992,0,0,PC 17754,0.0493298231623713,C,1
98,1,1,"Greenfield, Mr. William Bertram",male,-0.04454248550046979,0,1,PC 17759,0.6272778976347743,C,2
99,1,2,"Doling, Mrs. John T (Ada Julia Bone)",female,0.5809029305311987,0,1,231919,-0.18532384824750675,S,2
100,0,2,"Kantor, Mr. Sinai",male,0.5809029305311987,1,0,244367,-0.12491978668775715,S,2
101,0,3,"Petranec, Miss. Matilda",female,0.23975088542301587,0,0,349245,-0.4894421904510968,S,1
102,0,3,"Petroff, Mr. Pastcho (""Pentcho"")",male,-1.3522919917485037,0,0,349215,-0.4894421904510968,S,1
103,0,1,"White, Mr. Richard Frasar",male,-0.15825983386986406,0,1,35281,0.907737982394129,S,2
104,0,3,"Johansson, Mr. Gustaf Joel",male,0.5240442563465015,0,0,7540,-0.4741720436887921,S,1
105,0,3,"Gustafsson, Mr. Anders Vilhelm",male,0.75147895308529,2,0,3101276,-0.4888542575852486,S,3
106,0,3,"Mionoff, Mr. Stoytcho",male,0.23975088542301587,0,0,349207,-0.4894421904510968,S,1
107,1,3,"Salkjelsvik, Miss. Anna Kristine",female,-0.15825983386986406,0,0,343120,-0.494391296561559,S,1
108,1,3,"Moss, Mr. Albert Johan",male,-1.3522919917485037,0,0,312991,-0.4918744606632361,S,1
109,0,3,"Rekic, Mr. Tido",male,0.8083376272699871,0,0,349249,-0.4894421904510968,S,1
110,1,3,"Moran, Miss. Bertha",female,-1.3522919917485037,1,0,371110,-0.1621689579829361,Q,2
111,0,1,"Porter, Mr. Walter Chamberlain",male,1.3200656949322613,0,0,110465,0.39858208016340624,S,1
112,0,3,"Zabour, Miss. Hileni",female,-0.556270553162744,1,0,2665,-0.3573908580066095,C,2
113,0,3,"Barton, Mr. David John",male,-0.10140115968516693,0,0,324669,-0.4863374216869257,S,1
114,0,3,"Jussila, Miss. Katriina",female,-0.21511850805456117,1,0,4136,-0.4505983519307405,S,2
115,0,3,"Attalah, Miss. Malake",female,-0.38569453060865255,0,0,2627,-0.3573083057891445,C,1
116,0,3,"Pekoniemi, Mr. Edvard",male,-0.15825983386986406,0,0,STON/O 2. 3101294,-0.4888542575852486,S,1
117,0,3,"Connors, Mr. Patrick",male,2.627815201180295,0,0,370369,-0.49237782784290063,Q,1
118,0,2,"Turpin, Mr. William John Robert",male,0.296609559607713,1,0,11668,-0.22559322262067316,S,2
119,0,1,"Baxter, Mr. Quigg Edmond",male,0.012316188684227338,0,1,PC 17558,4.335332226633905,C,2
120,0,3,"Andersson, Miss. Ellis Anna Maria",female,-1.2385746433791096,4,2,347082,-0.01870931177853076,S,7
121,0,2,"Hickman, Mr. Stanley George",male,-0.15825983386986406,2,0,S.O.C. 14879,0.8314778546749452,S,3
122,0,3,"Moore, Mr. Leonard Charles",male,-1.3522919917485037,0,0,A4. 54510,-0.4863374216869257,S,1
123,0,2,"Nasser, Mr. Nicholas",male,0.4671855821618044,1,0,237736,-0.04295550208861426,C,2
124,1,2,"Webber, Miss. Susan",female,0.4671855821618044,0,0,27267,-0.3866707201133388,S,1
125,0,1,"White, Mr. Percival Wayland",male,1.7180764142251412,0,1,35281,0.907737982394129,S,2
126,1,3,"Nicola-Yarred, Master. Elias",male,-0.6699879015321383,1,0,2651,-0.42207354059350805,C,2
127,0,3,"McMahon, Mr. Martin",male,-1.3522919917485037,0,0,370372,-0.49237782784290063,Q,1
128,1,3,"Madsen, Mr. Fridtjof Arne",male,0.012316188684227338,0,0,C 17369,-0.5046257580584992,S,1
129,1,3,"Peter, Miss. Anna",female,-1.3522919917485037,1,1,2668,-0.19824427701513722,C,3
130,0,3,"Ekstrom, Mr. Johan",male,1.206348346562867,0,0,347061,-0.5079822104125026,S,1
131,0,3,"Drazenoic, Mr. Jozef",male,0.5240442563465015,0,0,349241,-0.4894421904510968,C,1
132,0,3,"Coelho, Mr. Domingos Fernandeo",male,-0.21511850805456117,0,0,SOTON/O.Q. 3101307,-0.5064721088735089,S,1
133,0,3,"Robins, Mrs. Alexander A (Grace Charity Laury)",female,1.3200656949322613,1,0,A/5. 3337,-0.35646868933346404,S,2
134,1,2,"Weisz, Mrs. Leopold (Mathilde Francoise Pede)",female,0.296609559607713,1,0,228414,-0.12491978668775715,S,2
135,0,2,"Sobey, Mr. Samuel James Hayden",male,0.06917486286892446,0,0,C.A. 29178,-0.3866707201133388,S,1
136,0,2,"Richard, Mr. Emile",male,-0.04454248550046979,0,0,SC/PARIS 2133,-0.3454791770670269,C,1
137,1,1,"Newsom, Miss. Helen Monypeny",female,-0.2719771822392583,0,2,11752,-0.11921562980779811,S,3
138,0,1,"Futrelle, Mr. Jacques Heath",male,0.75147895308529,1,0,113803,0.4207302360686478,S,2
139,0,3,"Osen, Mr. Olaf Elon",male,-0.4425532047933497,0,0,7534,-0.4628462821463391,S,1
140,0,1,"Giglio, Mr. Victor",male,0.012316188684227338,0,0,PC 17593,0.9462455716384695,C,1
141,0,3,"Boulos, Mrs. Joseph (Sultana)",female,-1.3522919917485037,0,2,2678,-0.3414522396297103,C,3
142,1,3,"Nysten, Miss. Anna Sofia",female,-0.10140115968516693,0,0,347081,-0.49237782784290063,S,1
143,1,3,"Hakkarainen, Mrs. Pekka Pietari (Elin Matilda Dolck)",female,0.012316188684227338,1,0,STON/O2. 3101279,-0.32928686163157667,S,2
144,0,3,"Burke, Mr. Jeremiah",male,-0.2719771822392583,0,0,365222,-0.5125125150294839,Q,1
145,0,2,"Andrew, Mr. Edgardo Samuel",male,-0.32883585642395546,0,0,231945,-0.41687275089321363,S,1
146,0,2,"Nicholls, Mr. Joseph Charles",male,-0.2719771822392583,1,1,C.A. 33112,0.09152810056801232,S,3
147,1,3,"Andersson, Mr. August Edvard (""Wennerstrom"")",male,0.18289221123831872,0,0,350043,-0.49145565916975514,S,1
148,0,3,"Ford, Miss. Robina Maggie ""Ruby""",female,-0.8405639240862296,2,2,W./C. 6608,0.04370821849987721,S,5
149,0,2,"Navratil, Mr. Michel (""Louis M Hoffman"")",male,0.6946202789005929,0,2,230080,-0.12491978668775715,S,3
150,0,2,"Byles, Rev. Thomas Roussel Davids",male,1.0357723240087757,0,0,244310,-0.3866707201133388,S,1
151,0,2,"Bateman, Rev. Robert James",male,1.54750039167105,0,0,S.O.P. 1166,-0.39623469652696586,S,1
152,1,1,"Pears, Mrs. Thomas (Edith Wearne)",female,-0.10140115968516693,1,0,113776,0.6925485130875209,S,2
153,0,3,"Meo, Mr. Alfonzo",male,1.7749350884098383,0,0,A.5. 11206,-0.4863374216869257,S,1
154,0,3,"van Billiard, Mr. Austin Blyler",male,0.9220549756393814,0,2,A/5. 851,-0.35646868933346404,S,3
155,0,3,"Olsen, Mr. Ole Martin",male,-1.3522919917485037,0,0,Fa 265302,-0.5011867534870308,S,1
156,0,1,"Williams, Mr. Charles Duane",male,1.54750039167105,0,1,PC 17597,0.5874293382238074,C,2
157,1,3,"Gilnagh, Miss. Katherine ""Katie""",female,-0.4425532047933497,0,0,35851,-0.49271407711891657,Q,1
158,0,3,"Corn, Mr. Harry",male,0.3534682337924101,0,0,SOTON/OQ 392090,-0.4863374216869257,S,1
159,0,3,"Smiljanic, Mr. Mile",male,-1.3522919917485037,0,0,315037,-0.47400492578514347,S,1
160,0,3,"Sage, Master. Thomas Henry",male,-1.3522919917485037,8,2,CA. 2343,0.7519458402879414,S,11
161,0,3,"Cribb, Mr. John Hatfield",male,1.14948967237817,0,1,371362,-0.32425318983493084,S,2
162,1,2,"Watt, Mrs. James (Elizabeth ""Bessie"" Inglis Milne)",female,0.9220549756393814,0,0,C.A. 33595,-0.331300330350235,S,1
163,0,3,"Bengtsson, Mr. John Viktor",male,0.1260335370536216,0,0,347068,-0.4918744606632361,S,1
164,0,3,"Calic, Mr. Jovo",male,-0.38569453060865255,0,0,315093,-0.47400492578514347,S,1
165,0,3,"Panula, Master. Eino Viljami",male,-1.2954333175638066,4,1,3101295,0.1506737441786005,S,6
166,1,3,"Goldsmith, Master. Frank John William ""Frankie""",male,-0.8405639240862296,0,2,363291,-0.2351571990343002,S,3
167,1,1,"Chibnall, Mrs. (Edith Martha Bowerman)",female,-1.3522919917485037,0,1,113505,0.4589861417231558,S,2
168,0,3,"Skoog, Mrs. William (Anna Bernhardina Karlsson)",female,1.206348346562867,1,4,347088,-0.08666388103324908,S,6
169,0,1,"Baumann, Mr. John D",male,-1.3522919917485037,0,0,PC 17318,-0.12642988822675086,S,1
170,0,3,"Ling, Mr. Lee",male,0.23975088542301587,0,0,1601,0.48910360681684706,S,1
171,0,1,"Van der hoef, Mr. Wyckoff",male,2.116087133518021,0,0,111240,0.026090367211616904,S,1
172,0,3,"Rice, Master. Arthur",male,-1.1248572950097153,4,1,382652,-0.06199888922968463,Q,6
173,1,3,"Johnson, Miss. Eleanor Ileen",female,-1.2954333175638066,1,1,347742,-0.4242561406845337,S,3
174,0,3,"Sivola, Mr. Antti Wilhelm",male,-0.15825983386986406,0,0,STON/O 2. 3101280,-0.4888542575852486,S,1
175,0,1,"Smith, Mr. James Clinch",male,1.8317937625945353,0,0,17764,-0.030371322596999754,C,1
176,0,3,"Klasen, Mr. Klas Albin",male,-0.32883585642395546,1,1,350404,-0.4902797934380587,S,3
177,0,3,"Lefebre, Master. Henry Forbes",male,-1.3522919917485037,3,1,4133,-0.13565761536436197,S,5
178,0,1,"Isham, Miss. Ann Elizabeth",female,1.4906417174863527,0,0,PC 17595,-0.07030444769415023,C,1
179,0,2,"Hale, Mr. Reginald",male,0.3534682337924101,0,0,250653,-0.3866707201133388,S,1
180,0,3,"Leonard, Mr. Lionel",male,0.6946202789005929,0,0,LINE,-0.6484216535389205,S,1
181,0,3,"Sage, Miss. Constance Gladys",female,-1.3522919917485037,8,2,CA. 2343,0.7519458402879414,S,11
182,0,2,"Pernot, Mr. Rene",male,-1.3522919917485037,0,0,SC/PARIS 2131,-0.34539461138084326,C,1
183,0,3,"Asplund, Master. Clarence Gustaf Hugo",male,-0.8405639240862296,4,2,347077,-0.016444159470040135,S,7
184,1,2,"Becker, Master. Richard F",male,-1.2954333175638066,2,1,230136,0.13683114673782454,S,4
185,1,3,"Kink-Heilmann, Miss. Luise Gretchen",female,-1.1248572950097153,0,2,315153,-0.20495516825442542,S,3
186,0,1,"Rood, Mr. Hugh Roscoe",male,-1.3522919917485037,0,0,113767,0.3583127057902398,S,1
187,1,3,"O'Brien, Mrs. Thomas (Johanna ""Hannah"" Godfrey)",female,-1.3522919917485037,1,0,370365,-0.3363340021468808,Q,2
188,1,1,"Romaine, Mr. Charles Hallace (""Mr C Rolmane"")",male,1.206348346562867,0,0,111428,-0.11384570873513637,S,1
189,0,3,"Bourke, Mr. John",male,0.9220549756393814,1,1,364849,-0.3363340021468808,Q,3
190,0,3,"Turcin, Mr. Stjepan",male,0.6946202789005929,0,0,349247,-0.4894421904510968,S,1
191,1,2,"Pinsky, Mrs. (Rosa)",female,0.4671855821618044,0,0,234604,-0.3866707201133388,S,1
192,0,2,"Carbines, Mr. William",male,-0.2719771822392583,0,0,28424,-0.3866707201133388,S,1
193,1,3,"Andersen-Jensen, Miss. Carla Christine Nielsine",female,-0.2719771822392583,1,0,350046,-0.4902797934380587,S,2
194,1,2,"Navratil, Master. Michel M",male,-1.1817159691944124,1,1,230080,-0.12491978668775715,S,3
195,1,1,"Brown, Mrs. James Joseph (Margaret Tobin)",female,1.14948967237817,0,0,PC 17610,-0.09027201697708476,C,1
196,1,1,"Lurette, Miss. Elise",female,1.9455111109639296,0,0,PC 17569,2.301728820789,C,1
197,0,3,"Mernagh, Mr. Robert",male,-1.3522919917485037,0,0,368703,-0.49237782784290063,Q,1
198,0,3,"Olsen, Mr. Karl Siegwart Andreas",male,1.0357723240087757,0,1,4579,-0.47920571548543794,S,2
199,1,3,"Madigan, Miss. Margaret ""Maggie""",female,-1.3522919917485037,0,0,370370,-0.49237782784290063,Q,1
200,0,2,"Yrois, Miss. Henriette (""Mrs Harbeck"")",female,0.012316188684227338,0,0,248747,-0.3866707201133388,S,1
201,0,3,"Vande Walle, Mr. Nestor Cyriel",male,0.23975088542301587,0,0,345770,-0.45714212526638004,S,1
202,0,3,"Sage, Mr. Frederick",male,-1.3522919917485037,8,2,CA. 2343,0.7519458402879414,S,11
203,0,3,"Johanson, Mr. Jakob Alfred",male,0.5809029305311987,0,0,3101264,-0.5176307525123133,S,1
204,0,3,"Youseff, Mr. Gerious",male,1.206348346562867,0,0,2628,-0.5029485386158568,C,1
205,1,3,"Cohen, Mr. Gurshon ""Gus""",male,-0.32883585642395546,0,0,A/5 3540,-0.4863374216869257,S,1
206,0,3,"Strom, Miss. Telma Matilda",female,-1.2385746433791096,0,1,347054,-0.43776248884929375,S,2
207,0,3,"Backstrom, Mr. Karl Alfred",male,0.4671855821618044,1,0,3101278,-0.32928686163157667,S,2
208,1,3,"Albimona, Mr. Nassef Cassem",male,0.1260335370536216,0,0,2699,-0.2701412180209885,C,1
209,1,3,"Carr, Miss. Helen ""Ellen""",female,-0.4425532047933497,0,0,367231,-0.49237782784290063,Q,1
210,1,1,"Blank, Mr. Henry",male,0.9220549756393814,0,0,112277,-0.024246350754841113,C,1
211,0,3,"Ali, Mr. Ahmed",male,0.012316188684227338,0,0,SOTON/O.Q. 3101311,-0.5064721088735089,S,1
212,1,2,"Cameron, Miss. Clear Annie",female,0.6377616047158957,0,0,F.C.C. 13528,-0.22559322262067316,S,1
213,0,3,"Perkin, Mr. John Henry",male,-0.10140115968516693,0,0,A/5 21174,-0.5024451714361923,S,1
214,0,2,"Givard, Mr. Hans Kristensen",male,0.3534682337924101,0,0,250646,-0.3866707201133388,S,1
215,0,3,"Kiernan, Mr. Philip",male,-1.3522919917485037,1,0,367229,-0.49237782784290063,Q,2
216,1,1,"Newell, Miss. Madeleine",female,0.41032690797710725,1,0,35273,1.6323350375212924,C,2
217,1,3,"Honkanen, Miss. Eliina",female,0.18289221123831872,0,0,STON/O2. 3101283,-0.4888542575852486,S,1
218,0,2,"Jacobsohn, Mr. Sidney Samuel",male,1.0357723240087757,1,0,243847,-0.10478509950117394,S,2
219,1,1,"Bazzani, Miss. Albina",female,0.4671855821618044,0,0,11813,0.8876878608937296,C,1
220,0,2,"Harris, Mr. Walter",male,0.3534682337924101,0,0,W/C 14208,-0.43700743807979686,S,1
221,1,3,"Sunderland, Mr. Victor Francis",male,-0.4425532047933497,0,0,SOTON/OQ 392089,-0.4863374216869257,S,1
222,0,2,"Bracken, Mr. James H",male,0.18289221123831872,0,0,220367,-0.3866707201133388,S,1
223,0,3,"Green, Mr. George Henry",male,1.54750039167105,0,0,21440,-0.4863374216869257,S,1
224,0,3,"Nenkoff, Mr. Christo",male,-1.3522919917485037,0,0,349234,-0.4894421904510968,S,1
225,1,1,"Hoyt, Mr. Frederick Maxfield",male,0.8083376272699871,1,0,19943,1.163700193253568,S,2
226,0,3,"Berglund, Mr. Karl Ivar Sven",male,-0.10140115968516693,0,0,PP 4348,-0.4601623283443675,S,1
227,1,2,"Mellors, Mr. William John",male,-0.2719771822392583,0,0,SW/PP 751,-0.43700743807979686,S,1
228,0,3,"Lovell, Mr. John Hall (""Henry"")",male,-0.21511850805456117,0,0,A/5 21173,-0.5024451714361923,S,1
229,0,2,"Fahlstrom, Mr. Arne Jonas",male,-0.32883585642395546,0,0,236171,-0.3866707201133388,S,1
230,0,3,"Lefebre, Miss. Mathilde",female,-1.3522919917485037,3,1,4133,-0.13565761536436197,S,5
231,1,1,"Harris, Mrs. Henry Birkhardt (Irene Wallach)",female,0.6377616047158957,1,0,36973,1.0323213593611125,S,2
232,0,3,"Larsson, Mr. Bengt Edvin",male,0.296609559607713,0,0,347067,-0.4918744606632361,S,1
233,0,2,"Sjostedt, Mr. Ernst Adolf",male,2.002369785148627,0,0,237442,-0.3766033765200472,S,1
234,1,3,"Asplund, Miss. Lillian Gertrud",female,-1.067998620825018,4,2,347077,-0.016444159470040135,S,7
235,0,2,"Leyson, Mr. Robert William Norman",male,0.012316188684227338,0,0,C.A. 29566,-0.43700743807979686,S,1
236,0,3,"Harknett, Miss. Alice Phoebe",female,-1.3522919917485037,0,0,W./C. 6609,-0.49640476528021726,S,1
237,0,2,"Hold, Mr. Stephen",male,1.14948967237817,1,0,26707,-0.12491978668775715,S,2
238,1,2,"Collyer, Miss. Marjorie ""Lottie""",female,-0.8974225982709267,0,2,C.A. 31921,-0.11988611489111134,S,3
239,0,2,"Pengelly, Mr. Frederick William",male,-0.2719771822392583,0,0,28665,-0.43700743807979686,S,1
240,0,2,"Hunt, Mr. George Henry",male,0.5240442563465015,0,0,SCO/W 1585,-0.4012683683236117,S,1
241,0,3,"Zabour, Miss. Thamine",female,-1.3522919917485037,1,0,2665,-0.3573908580066095,C,2
242,1,3,"Murphy, Miss. Katherine ""Kate""",female,-1.3522919917485037,1,0,367230,-0.3363340021468808,Q,2
243,0,2,"Coleridge, Mr. Reginald Charles",male,0.296609559607713,0,0,W./C. 14263,-0.43700743807979686,S,1
244,0,3,"Maenpaa, Mr. Matti Alexanteri",male,-0.10140115968516693,0,0,STON/O 2. 3101275,-0.5049620073345151,S,1
245,0,3,"Attalah, Mr. Sleiman",male,0.3534682337924101,0,0,2694,-0.5029485386158568,C,1
246,0,1,"Minahan, Dr. William Edward",male,1.14948967237817,2,0,19928,1.163700193253568,Q,3
247,0,3,"Lindahl, Miss. Agda Thorilda Viktoria",female,0.06917486286892446,0,0,347071,-0.4918744606632361,S,1
248,1,2,"Hamalainen, Mrs. William (Anna)",female,0.012316188684227338,0,2,250649,-0.35646868933346404,S,3
249,1,1,"Beckwith, Mr. Richard Leonard",male,0.75147895308529,1,1,11751,0.40974072380221066,S,3
250,0,2,"Carter, Rev. Ernest Courtenay",male,1.7180764142251412,1,0,244252,-0.12491978668775715,S,2
251,0,3,"Reed, Mr. James George",male,-1.3522919917485037,0,0,362316,-0.5024451714361923,S,1
252,0,3,"Strom, Mrs. Wilhelm (Elna Matilda Persson)",female,0.296609559607713,1,1,347054,-0.43776248884929375,S,3
253,0,1,"Stead, Mr. William Thomas",male,2.172945807702718,0,0,113514,-0.11384570873513637,S,1
254,0,3,"Lobb, Mr. William Arthur",male,0.3534682337924101,1,0,A/5. 3336,-0.32425318983493084,S,2
255,0,3,"Rosblom, Mrs. Viktor (Helena Wilhelmina)",female,0.9789136498240786,0,2,370129,-0.2414492887801075,S,3
256,1,3,"Touma, Mrs. Darwis (Hanne Youssef Razi)",female,0.296609559607713,0,2,2650,-0.3414522396297103,C,3
257,1,1,"Thorne, Mrs. Gertrude Maybelle",female,-1.3522919917485037,0,0,PC 17585,0.9462455716384695,C,1
258,1,1,"Cherry, Miss. Gladys",female,0.3534682337924101,0,0,110152,1.093228788100527,S,1
259,1,1,"Ward, Miss. Anna",female,0.6377616047158957,0,0,PC 17755,9.667166525013505,C,1
260,1,2,"Parrish, Mrs. (Lutie Davis)",female,1.4906417174863527,0,1,230433,-0.12491978668775715,S,2
261,0,3,"Smith, Mr. Thomas",male,-1.3522919917485037,0,0,384461,-0.49237782784290063,Q,1
262,1,3,"Asplund, Master. Edvin Rojj Felix",male,-1.1817159691944124,4,2,347077,-0.016444159470040135,S,7
263,0,1,"Taussig, Mr. Emil",male,1.604359065855747,1,1,110413,0.955306180872432,S,3
264,0,1,"Harrison, Mr. William",male,0.9220549756393814,0,0,112059,-0.6484216535389205,S,1
265,0,3,"Henry, Miss. Delia",female,-1.3522919917485037,0,0,382649,-0.49237782784290063,Q,1
266,0,2,"Reeves, Mr. David",male,0.6946202789005929,0,0,C.A. 17248,-0.43700743807979686,S,1
267,0,3,"Panula, Mr. Ernesti Arvid",male,-0.4425532047933497,4,1,3101295,0.1506737441786005,S,6
268,1,3,"Persson, Mr. Ernst Ulrik",male,0.06917486286892446,1,0,347083,-0.4918744606632361,S,2
269,1,1,"Graham, Mrs. William Thompson (Edith Junkins)",female,1.9455111109639296,0,1,PC 17582,2.441497778832105,S,2
270,1,1,"Bissette, Miss. Amelia",female,0.6377616047158957,0,0,PC 17760,2.0825124140450755,S,1
271,0,1,"Cairns, Mr. Alexander",male,-1.3522919917485037,0,0,113798,-0.024246350754841113,S,1
272,1,3,"Tornquist, Mr. William Henry",male,0.06917486286892446,0,0,LINE,-0.6484216535389205,S,1
273,1,2,"Mellinger, Mrs. (Elizabeth Anne Maidment)",female,0.9789136498240786,0,1,250644,-0.255795253400548,S,2
274,0,1,"Natsch, Mr. Charles H",male,0.75147895308529,0,1,PC 17596,-0.05042144409739929,C,2
275,1,3,"Healy, Miss. Hanora ""Nora""",female,-1.3522919917485037,0,0,370375,-0.49237782784290063,Q,1
276,1,1,"Andrews, Miss. Kornelia Theodosia",female,2.2298044818874154,1,0,13502,0.921244330558889,S,2
277,0,3,"Lindblom, Miss. Augusta Charlotta",female,1.206348346562867,0,0,347073,-0.49237782784290063,S,1
278,0,2,"Parkes, Mr. Francis ""Frank""",male,-1.3522919917485037,0,0,239853,-0.6484216535389205,S,1
279,0,3,"Rice, Master. Eric",male,-0.9542812724556239,4,1,382652,-0.06199888922968463,Q,6
280,1,3,"Abbott, Mrs. Stanton (Rosa Hunt)",female,0.6377616047158957,1,1,C.A. 2673,-0.24069423801061057,S,3
281,0,3,"Duane, Mr. Frank",male,2.3435218302568095,0,0,336439,-0.49237782784290063,Q,1
282,0,3,"Olsson, Mr. Nils Johan Goransson",male,0.23975088542301587,0,0,347464,-0.4902797934380587,S,1
283,0,3,"de Pelsmaeker, Mr. Alfons",male,-0.4425532047933497,0,0,345778,-0.45714212526638004,S,1
284,1,3,"Dorking, Mr. Edward Arthur",male,-0.2719771822392583,0,0,A/5. 10482,-0.4863374216869257,S,1
285,0,1,"Smith, Mr. Richard William",male,-1.3522919917485037,0,0,113056,-0.12491978668775715,S,1
286,0,3,"Stankovic, Mr. Ivan",male,0.5240442563465015,0,0,349239,-0.47400492578514347,C,1
287,1,3,"de Mulder, Mr. Theodore",male,0.3534682337924101,0,0,345774,-0.45714212526638004,S,1
288,0,3,"Naidenoff, Mr. Penko",male,-0.10140115968516693,0,0,349206,-0.4894421904510968,S,1
289,1,2,"Hosono, Mr. Masabumi",male,1.0357723240087757,0,0,237798,-0.3866707201133388,S,1
290,1,3,"Connolly, Miss. Kate",female,-0.10140115968516693,0,0,370373,-0.49237782784290063,Q,1
291,1,1,"Barber, Miss. Ellen ""Nellie""",female,0.1260335370536216,0,0,19877,0.9391984311231651,S,1
292,1,1,"Bishop, Mrs. Dickinson H (Helen Walton)",female,-0.2719771822392583,1,0,11967,1.1854295476653287,C,2
293,0,2,"Levy, Mr. Rene Jacques",male,0.6946202789005929,0,0,SC/Paris 2163,-0.3891875560116617,C,1
294,0,3,"Haas, Miss. Aloisia",female,0.012316188684227338,0,0,349236,-0.4702296719376591,S,1
295,0,3,"Mineff, Mr. Ivan",male,0.012316188684227338,0,0,349233,-0.4894421904510968,S,1
296,0,1,"Lewy, Mr. Ervin G",male,-1.3522919917485037,0,0,PC 17612,-0.09027201697708476,C,1
297,0,3,"Hanna, Mr. Mansour",male,-0.04454248550046979,0,0,2693,-0.5028639729296732,C,1
298,0,1,"Allison, Miss. Helen Loraine",female,-1.2385746433791096,1,2,113781,2.4029901895877646,S,4
299,1,1,"Saalfeld, Mr. Adolphe",male,-1.3522919917485037,0,0,19988,-0.034313694348132716,S,1
300,1,1,"Baxter, Mrs. James (Helene DeLaudeniere Chaput)",female,1.4906417174863527,0,1,PC 17558,4.335332226633905,C,2
301,1,3,"Kelly, Miss. Anna Katherine ""Annie Kate""",female,-1.3522919917485037,0,0,9234,-0.49237782784290063,Q,1
302,1,3,"McCoy, Mr. Bernard",male,-1.3522919917485037,2,0,367226,-0.18029017645086096,Q,3
303,0,3,"Johnson, Mr. William Cahoone Jr",male,-0.2719771822392583,0,0,LINE,-0.6484216535389205,S,1
304,1,2,"Keane, Miss. Nora A",female,-1.3522919917485037,0,0,226593,-0.3997582667846179,Q,1
305,0,3,"Williams, Mr. Howard Hugh ""Harry""",male,-1.3522919917485037,0,0,A/5 2466,-0.4863374216869257,S,1
306,1,1,"Allison, Master. Hudson Trevor",male,-1.3522919917485037,1,2,113781,2.4029901895877646,S,4
307,1,1,"Fleming, Miss. Margaret",female,-1.3522919917485037,0,0,17421,1.5841789061771412,C,1
308,1,1,"Penasco y Castellana, Mrs. Victor de Satode (Maria Josefa Perez de Soto y Vallejo)",female,-0.38569453060865255,1,0,PC 17758,1.5442457810799908,C,2
309,0,2,"Abelson, Mr. Samuel",male,0.3534682337924101,1,0,P/PP 3381,-0.16518916106092355,C,2
310,1,1,"Francatelli, Miss. Laura Mabel",female,0.3534682337924101,0,0,PC 17485,0.49782998024351216,C,1
311,1,1,"Hays, Miss. Margaret Bechstein",female,0.012316188684227338,0,0,11767,1.0259447039291216,C,1
312,1,1,"Ryerson, Miss. Emily Borie",female,-0.32883585642395546,2,2,PC 17608,4.634416897040849,C,5
313,0,2,"Lahtinen, Mrs. William (Anna Sylfven)",female,0.1260335370536216,1,1,250651,-0.12491978668775715,S,3
314,0,3,"Hendekovic, Mr. Ignjac",male,0.23975088542301587,0,0,349243,-0.4894421904510968,S,1
315,0,2,"Hart, Mr. Benjamin",male,1.0926309981934728,1,1,F.C.C. 13529,-0.11988611489111134,S,3
316,1,3,"Nilsson, Miss. Helmina Josefina",female,0.1260335370536216,0,0,347470,-0.4902797934380587,S,1
317,1,2,"Kantor, Mrs. Sinai (Miriam Sternin)",female,0.012316188684227338,1,0,244367,-0.12491978668775715,S,2
318,0,2,"Moraweck, Dr. Ernest",male,1.7180764142251412,0,0,29011,-0.36653603292675563,S,1
319,1,1,"Wick, Miss. Mary Natalie",female,0.41032690797710725,0,2,36928,2.671117778445337,S,3
320,1,1,"Spedden, Mrs. Frederic Oakley (Margaretta Corning Stone)",female,0.9220549756393814,1,1,16966,2.059693773056521,C,3
321,0,3,"Dennis, Mr. Samuel",male,-0.10140115968516693,0,0,A/5 21172,-0.5024451714361923,S,1
322,0,3,"Danoff, Mr. Yoto",male,0.18289221123831872,0,0,349219,-0.4894421904510968,S,1
323,1,2,"Slayter, Miss. Hilda Mary",female,0.3534682337924101,0,0,234818,-0.3997582667846179,Q,1
324,1,2,"Caldwell, Mrs. Albert Francis (Sylvia Mae Harbaugh)",female,-0.10140115968516693,1,1,248738,-0.06451572512800753,S,3
325,0,3,"Sage, Mr. George John Jr",male,-1.3522919917485037,8,2,CA. 2343,0.7519458402879414,S,11
326,1,1,"Young, Miss. Marie Grice",female,0.6946202789005929,0,0,PC 17760,2.0825124140450755,C,1
327,0,3,"Nysveen, Mr. Johan Hansen",male,2.116087133518021,0,0,345364,-0.5228315422126077,S,1
328,1,2,"Ball, Mrs. (Ada E Hall)",female,0.6946202789005929,0,0,28551,-0.3866707201133388,S,1
329,1,3,"Goldsmith, Mrs. Frank John (Emily Alice Brown)",female,0.41032690797710725,1,1,363291,-0.2351571990343002,S,3
330,1,1,"Hippach, Miss. Jean Gertrude",female,-0.4425532047933497,0,1,111361,0.5189714017894245,C,2
331,1,3,"McCoy, Miss. Agnes",female,-1.3522919917485037,2,0,367226,-0.18029017645086096,Q,3
332,0,1,"Partner, Mr. Austen",male,1.206348346562867,0,0,113043,-0.07458306872129913,S,1
333,0,1,"Graham, Mr. George Edward",male,0.8083376272699871,0,1,PC 17582,2.441497778832105,S,2
334,0,3,"Vander Planke, Mr. Leo Edmondus",male,-0.4425532047933497,2,0,345764,-0.2859972841804228,S,3
335,1,1,"Frauenthal, Mrs. Henry William (Clara Heinsheimer)",female,-1.3522919917485037,1,0,PC 17611,2.042579288947925,S,2
336,0,3,"Denkoff, Mr. Mitto",male,-1.3522919917485037,0,0,349225,-0.4894421904510968,S,1
337,0,1,"Pears, Mr. Thomas Clinton",male,0.296609559607713,1,0,113776,0.6925485130875209,S,2
338,1,1,"Burns, Miss. Elizabeth Margaret",female,0.9789136498240786,0,0,16966,2.059693773056521,C,1
339,1,3,"Dahl, Mr. Karl Edwart",male,1.206348346562867,0,0,7598,-0.4863374216869257,S,1
340,0,1,"Blackwell, Mr. Stephen Weart",male,1.206348346562867,0,0,113784,0.06635974158478332,S,1
341,1,2,"Navratil, Master. Edmond Roger",male,-1.2385746433791096,1,1,230080,-0.12491978668775715,S,3
342,1,1,"Fortune, Miss. Alice Elizabeth",female,0.012316188684227338,3,2,19950,4.647001076532463,S,6
343,0,2,"Collander, Mr. Erik Gustaf",male,0.23975088542301587,0,0,248740,-0.3866707201133388,S,1
344,0,2,"Sedgwick, Mr. Charles Frederick Waddington",male,0.06917486286892446,0,0,244361,-0.3866707201133388,S,1
345,0,2,"Fox, Mr. Stanley Hubert",male,0.6946202789005929,0,0,229236,-0.3866707201133388,S,1
346,1,2,"Brown, Miss. Amelia ""Mildred""",female,0.012316188684227338,0,0,248733,-0.3866707201133388,S,1
347,1,2,"Smith, Miss. Marion Elsie",female,0.9220549756393814,0,0,31418,-0.3866707201133388,S,1
348,1,3,"Davison, Mrs. Thomas Henry (Mary E Finck)",female,-1.3522919917485037,1,0,386525,-0.32425318983493084,S,2
349,1,3,"Coutts, Master. William Loch ""William""",male,-1.1817159691944124,1,1,C.A. 37671,-0.32828012727224753,S,3
350,0,3,"Dimic, Mr. Jovan",male,1.0357723240087757,0,0,315088,-0.47400492578514347,S,1
351,0,3,"Odahl, Mr. Nils Martin",male,-0.04454248550046979,0,0,7267,-0.4626791642426904,S,1
352,0,1,"Williams-Lambert, Mr. Fletcher Fellows",male,-1.3522919917485037,0,0,113510,0.05629239799149171,S,1
353,0,3,"Elias, Mr. Tannous",male,-0.49941187897804684,1,1,2695,-0.5028639729296732,C,3
354,0,3,"Arnold-Franchi, Mr. Josef",male,0.06917486286892446,1,0,349237,-0.29002422161773944,S,2
355,0,3,"Yousif, Mr. Wazli",male,-1.3522919917485037,0,0,2647,-0.5029485386158568,C,1
356,0,3,"Vanden Steen, Mr. Leo Peter",male,0.23975088542301587,0,0,345783,-0.45714212526638004,S,1
357,1,1,"Bowerman, Miss. Elsie Edith",female,-0.10140115968516693,0,1,113505,0.4589861417231558,S,2
358,0,2,"Funk, Miss. Annie Clemmer",female,0.8083376272699871,0,0,237671,-0.3866707201133388,S,1
359,1,3,"McGovern, Miss. Mary",female,-1.3522919917485037,0,0,330931,-0.48977642625839407,Q,1
360,1,3,"Mockler, Miss. Helen Mary ""Ellie""",female,-1.3522919917485037,0,0,330980,-0.48977642625839407,Q,1
361,0,3,"Skoog, Mr. Wilhelm",male,0.9220549756393814,1,4,347088,-0.08666388103324908,S,6
362,0,2,"del Carlo, Mr. Sebastiano",male,0.296609559607713,1,0,SC/PARIS 2167,-0.09027201697708476,C,2
363,0,3,"Barbara, Mrs. (Catherine David)",female,1.206348346562867,0,1,2691,-0.3573908580066095,C,2
364,0,3,"Asim, Mr. Adola",male,0.6377616047158957,0,0,SOTON/O.Q. 3101310,-0.5064721088735089,S,1
365,0,3,"O'Brien, Mr. Thomas",male,-1.3522919917485037,1,0,370365,-0.3363340021468808,Q,2
366,0,3,"Adahl, Mr. Mauritz Nils Martin",male,0.3534682337924101,0,0,C 7076,-0.5024451714361923,S,1
367,1,1,"Warren, Mrs. Frank Manley (Anna Sophia Atkinson)",female,2.059228459333324,1,0,110813,0.8667135572514657,C,2
368,1,3,"Moussa, Mrs. (Mantoura Boulos)",female,-1.3522919917485037,0,0,2626,-0.5028639729296732,C,1
369,1,3,"Jermyn, Miss. Annie",female,-1.3522919917485037,0,0,14313,-0.49237782784290063,Q,1
370,1,1,"Aubart, Mme. Leontine Pauline",female,0.012316188684227338,0,0,PC 17477,0.7469121684912956,C,1
371,1,1,"Harder, Mr. George Achilles",male,0.06917486286892446,1,0,11765,0.4678796330534696,C,2
372,0,3,"Wiklund, Mr. Jakob Alfred",male,-0.32883585642395546,1,0,3101267,-0.5176307525123133,S,2
373,0,3,"Beavan, Mr. William Thomas",male,-0.2719771822392583,0,0,323951,-0.4863374216869257,S,1
374,0,1,"Ringhini, Mr. Sante",male,-0.10140115968516693,0,0,PC 17760,2.0825124140450755,C,1
375,0,3,"Palsson, Miss. Stina Viola",female,-1.1817159691944124,3,1,349909,-0.22408312108167944,S,5
376,1,1,"Meyer, Mrs. Edgar Joseph (Leila Saks)",female,-1.3522919917485037,1,0,PC 17604,1.0060617003323709,C,2
377,1,3,"Landergren, Miss. Aurora Adelia",female,-0.10140115968516693,0,0,C 7077,-0.5024451714361923,S,1
378,0,1,"Widener, Mr. Harry Elkins",male,0.18289221123831872,0,2,113503,3.610064686423428,C,3
379,0,3,"Betros, Mr. Tannous",male,-0.21511850805456117,0,0,2648,-0.5676312212027554,C,1
380,0,3,"Gustafsson, Mr. Karl Gideon",male,-0.2719771822392583,0,0,347069,-0.4918744606632361,S,1
381,1,1,"Bidois, Miss. Rosalie",female,1.0357723240087757,0,0,PC 17757,3.9327230485884233,C,1
382,1,3,"Nakid, Miss. Maria (""Mary"")",female,-1.2954333175638066,0,2,2653,-0.33146744825388363,C,3
383,0,3,"Tikkanen, Mr. Juho",male,0.4671855821618044,0,0,STON/O 2. 3101293,-0.4888542575852486,S,1
384,1,1,"Holverson, Mrs. Alexander Oskar (Mary Aline Towner)",female,0.6377616047158957,1,0,113789,0.39858208016340624,S,2
385,0,3,"Plotcharsky, Mr. Vasil",male,-1.3522919917485037,0,0,349227,-0.4894421904510968,S,1
386,0,2,"Davies, Mr. Charles Henry",male,-0.32883585642395546,0,0,S.O.C. 14879,0.8314778546749452,S,1
387,0,3,"Goodwin, Master. Sidney Leonard",male,-1.2954333175638066,5,2,CA 2144,0.2958951755118318,S,8
388,1,2,"Buss, Miss. Kate",female,0.6946202789005929,0,0,27849,-0.3866707201133388,S,1
389,0,3,"Sadlier, Mr. Matthew",male,-1.3522919917485037,0,0,367655,-0.49279662933638163,Q,1
390,1,2,"Lehmann, Miss. Bertha",female,-0.38569453060865255,0,0,SC 1748,-0.40680540729992204,C,1
391,1,1,"Carter, Mr. William Ernest",male,0.6946202789005929,1,2,113760,1.7677408088510642,S,4
392,1,3,"Jansson, Mr. Carl Olof",male,-0.15825983386986406,0,0,350034,-0.49145565916975514,S,1
393,0,3,"Gustafsson, Mr. Johan Birger",male,0.23975088542301587,2,0,3101277,-0.4888542575852486,S,3
394,1,1,"Newell, Miss. Marjorie",female,-0.04454248550046979,1,0,35273,1.6323350375212924,C,2
395,1,3,"Sandstrom, Mrs. Hjalmar (Agnes Charlotta Bengtsson)",female,0.012316188684227338,0,2,PP 9549,-0.312172377522981,S,3
396,0,3,"Johansson, Mr. Erik",male,-0.10140115968516693,0,0,350052,-0.49145565916975514,S,1
397,0,3,"Olsson, Miss. Elina",female,0.41032690797710725,0,0,350407,-0.4902797934380587,S,1
398,0,2,"McKane, Mr. Peter David",male,1.2632070207475643,0,0,28403,-0.12491978668775715,S,1
399,0,2,"Pain, Dr. Alfred",male,-0.04454248550046979,0,0,244278,-0.43700743807979686,S,1
400,1,2,"Trout, Mrs. William H (Jessie L)",female,0.23975088542301587,0,0,240929,-0.393717860628643,S,1
401,1,3,"Niskanen, Mr. Juha",male,0.8651963014546843,0,0,STON/O 2. 3101289,-0.4888542575852486,S,1
402,0,3,"Adams, Mr. John",male,0.1260335370536216,0,0,341826,-0.4863374216869257,S,1
403,0,3,"Jussila, Miss. Mari Aina",female,-0.15825983386986406,1,0,4137,-0.4505983519307405,S,2
404,0,3,"Hakkarainen, Mr. Pekka Pietari",male,0.23975088542301587,1,0,STON/O2. 3101279,-0.32928686163157667,S,2
405,0,3,"Oreskovic, Miss. Marija",female,-0.21511850805456117,0,0,315096,-0.47400492578514347,S,1
406,0,2,"Gale, Mr. Shadrach",male,0.5809029305311987,1,0,28664,-0.22559322262067316,S,2
407,0,3,"Widegren, Mr. Carl/Charles Peter",male,1.54750039167105,0,0,347064,-0.49237782784290063,S,1
408,1,2,"Richards, Master. William Rowe",male,-1.1817159691944124,1,1,29106,-0.2708962687904854,S,3
409,0,3,"Birkeland, Mr. Hans Martin Monsen",male,-0.15825983386986406,0,0,312992,-0.4918744606632361,S,1
410,0,3,"Lefebre, Miss. Ida",female,-1.3522919917485037,3,1,4133,-0.13565761536436197,S,5
411,0,3,"Sdycoff, Mr. Todor",male,-1.3522919917485037,0,0,349222,-0.4894421904510968,S,1
412,0,3,"Hart, Mr. Henry",male,-1.3522919917485037,0,0,394140,-0.5103319284071769,Q,1
413,1,1,"Minahan, Miss. Daisy E",female,0.5240442563465015,1,0,19928,1.163700193253568,Q,2
414,0,2,"Cunningham, Mr. Alfred Fleming",male,-1.3522919917485037,0,0,239853,-0.6484216535389205,S,1
415,1,3,"Sundman, Mr. Johan Julian",male,1.14948967237817,0,0,STON/O 2. 3101269,-0.4888542575852486,S,1
416,0,3,"Meek, Mrs. Thomas (Annie Louise Rowley)",female,-1.3522919917485037,0,0,343095,-0.4863374216869257,S,1
417,1,2,"Drew, Mrs. James Vivian (Lulu Thorne Christian)",female,0.5809029305311987,1,1,28220,0.005955680025033696,S,3
418,1,2,"Silven, Miss. Lyyli Karoliina",female,-0.32883585642395546,0,2,250652,-0.3866707201133388,S,3
419,0,2,"Matthews, Mr. William John",male,0.3534682337924101,0,0,28228,-0.3866707201133388,S,1
420,0,3,"Van Impe, Miss. Catharina",female,-0.7837052499015325,0,2,345773,-0.1621689579829361,S,3
421,0,3,"Gheorgheff, Mr. Stanio",male,-1.3522919917485037,0,0,349254,-0.4894421904510968,C,1
422,0,3,"Charters, Mr. David",male,-0.15825983386986406,0,0,A/5. 13032,-0.49271407711891657,Q,1
423,0,3,"Zimmerman, Mr. Leo",male,0.296609559607713,0,0,315082,-0.4898609919445778,S,1
424,0,3,"Danbom, Mrs. Ernst Gilbert (Anna Sigrid Maria Brogren)",female,0.23975088542301587,1,1,347080,-0.35848215805212236,S,3
425,0,3,"Rosblom, Mr. Viktor Richard",male,-0.32883585642395546,1,1,370129,-0.2414492887801075,S,3
426,0,3,"Wiseman, Mr. Phillippe",male,-1.3522919917485037,0,0,A/4. 34244,-0.5024451714361923,S,1
427,1,2,"Clarke, Mrs. Charles V (Ada Maria Winfield)",female,0.23975088542301587,1,0,2003,-0.12491978668775715,S,2
428,1,2,"Phillips, Miss. Kate Florence (""Mrs Kate Louise Phillips Marshall"")",female,-0.2719771822392583,0,0,250655,-0.12491978668775715,S,1
429,0,3,"Flynn, Mr. James",male,-1.3522919917485037,0,0,364851,-0.49237782784290063,Q,1
430,1,3,"Pickard, Mr. Berk (Berk Trembisky)",male,0.4671855821618044,0,0,SOTON/O.Q. 392078,-0.4863374216869257,S,1
431,1,1,"Bjornstrom-Steffansson, Mr. Mauritz Hakan",male,0.23975088542301587,0,0,110564,-0.11384570873513637,S,1
432,1,3,"Thorneycroft, Mrs. Percival (Florence Kate White)",female,-1.3522919917485037,1,0,376564,-0.32425318983493084,S,2
433,1,2,"Louch, Mrs. Charles Alexander (Alice Adelaide Slow)",female,1.0357723240087757,1,0,SC/AH 3085,-0.12491978668775715,S,2
434,0,3,"Kallio, Mr. Nikolai Erland",male,-0.38569453060865255,0,0,STON/O 2. 3101274,-0.5049620073345151,S,1
435,0,1,"Silvey, Mr. William Baird",male,1.4906417174863527,1,0,13507,0.4771073601910807,S,2
436,1,1,"Carter, Miss. Lucile Polk",female,-0.556270553162744,1,2,113760,1.7677408088510642,S,4
437,0,3,"Ford, Miss. Doolina Margaret ""Daisy""",female,-0.15825983386986406,2,2,W./C. 6608,0.04370821849987721,S,5
438,1,2,"Richards, Mrs. Sidney (Emily Hocking)",female,0.012316188684227338,2,3,29106,-0.2708962687904854,S,6
439,0,1,"Fortune, Mr. Mark",male,2.2866631560721125,1,4,19950,4.647001076532463,S,6
440,0,2,"Kvillner, Mr. Johan Henrik Johannesson",male,0.41032690797710725,0,0,C.A. 18723,-0.43700743807979686,S,1
441,1,2,"Hart, Mrs. Benjamin (Esther Ada Bloomfield)",female,1.206348346562867,1,1,F.C.C. 13529,-0.11988611489111134,S,3
442,0,3,"Hampe, Mr. Leon",male,-0.21511850805456117,0,0,345769,-0.45714212526638004,S,1
443,0,3,"Petterson, Mr. Johan Emil",male,0.06917486286892446,1,0,347076,-0.4918744606632361,S,2
444,1,2,"Reynaldo, Ms. Encarnacion",female,0.23975088542301587,0,0,230434,-0.3866707201133388,S,1
445,1,3,"Johannesen-Bratthammer, Mr. Bernt",male,-1.3522919917485037,0,0,65306,-0.48507900373776425,S,1
446,1,1,"Dodge, Master. Washington",male,-1.1248572950097153,0,2,33638,0.9997696105865636,S,3
447,1,2,"Mellinger, Miss. Madeleine Violet",female,-0.6131292273474411,0,1,250644,-0.255795253400548,S,2
448,1,1,"Seward, Mr. Frederic Kimber",male,0.5809029305311987,0,0,113794,-0.11384570873513637,S,1
449,1,3,"Baclini, Miss. Marie Catherine",female,-1.067998620825018,2,1,2666,-0.26066180729354516,C,4
450,1,1,"Peuchen, Major. Arthur Godfrey",male,1.604359065855747,0,0,113786,-0.034313694348132716,S,1
451,0,2,"West, Mr. Edwy Arthur",male,0.6946202789005929,1,2,C.A. 34651,-0.08968408411123653,S,4
452,0,3,"Hagland, Mr. Ingvald Olai Olsen",male,-1.3522919917485037,1,0,65303,-0.2463983948905696,S,2
453,0,1,"Foreman, Mr. Benjamin Laventall",male,0.3534682337924101,0,0,113051,-0.08968408411123653,C,1
454,1,1,"Goldenberg, Mr. Samuel L",male,1.4337830433016556,1,0,17453,1.145663540471827,C,2
455,0,3,"Peduzzi, Mr. Joseph",male,-1.3522919917485037,0,0,A/5 2817,-0.4863374216869257,S,1
456,1,3,"Jalsevac, Mr. Ivan",male,0.296609559607713,0,0,349240,-0.4894421904510968,C,1
457,0,1,"Millet, Mr. Francis Davis",male,2.3435218302568095,0,0,13509,-0.11384570873513637,S,1
458,1,1,"Kenyon, Mrs. Frederick R (Marion)",female,-1.3522919917485037,1,0,17464,0.395813560675251,S,2
459,1,2,"Toomey, Miss. Ellen",female,1.4906417174863527,0,0,F.C.C. 13531,-0.43700743807979686,S,1
460,0,3,"O'Connor, Mr. Maurice",male,-1.3522919917485037,0,0,371060,-0.49237782784290063,Q,1
461,1,1,"Anderson, Mr. Harry",male,1.3769243691169584,0,0,19952,-0.11384570873513637,S,1
462,0,3,"Morley, Mr. William",male,0.5809029305311987,0,0,364506,-0.4863374216869257,S,1
463,0,1,"Gee, Mr. Arthur H",male,1.3200656949322613,0,0,111320,0.12676380314453292,S,1
464,0,2,"Milling, Mr. Jacob Christian",male,1.3769243691169584,0,0,234360,-0.3866707201133388,S,1
465,0,3,"Maisner, Mr. Simon",male,-1.3522919917485037,0,0,A/S 2816,-0.4863374216869257,S,1
466,0,3,"Goncalves, Mr. Manuel Estanslas",male,0.8083376272699871,0,0,SOTON/O.Q. 3101306,-0.5064721088735089,S,1
467,0,2,"Campbell, Mr. William",male,-1.3522919917485037,0,0,239853,-0.6484216535389205,S,1
468,0,1,"Smart, Mr. John Montgomery",male,1.8317937625945353,0,0,113792,-0.11384570873513637,S,1
469,0,3,"Scanlan, Mr. James",male,-1.3522919917485037,0,0,36209,-0.4928811950225652,Q,1
470,1,3,"Baclini, Miss. Helene Barbara",female,-1.3522919917485037,2,1,2666,-0.26066180729354516,C,4
471,0,3,"Keefe, Mr. Arthur",male,-1.3522919917485037,0,0,323592,-0.5024451714361923,S,1
472,0,3,"Cacic, Mr. Luka",male,0.8083376272699871,0,0,315089,-0.47400492578514347,S,1
473,1,2,"West, Mrs. Edwy Arthur (Ada Mary Worth)",female,0.5240442563465015,1,2,C.A. 34651,-0.08968408411123653,S,4
474,1,2,"Jerwan, Mrs. Amin S (Marie Marthe Thuillard)",female,-0.04454248550046979,0,0,SC/AH Basle 541,-0.3707300882677209,C,1
475,0,3,"Strandberg, Miss. Ida Sofia",female,-0.10140115968516693,0,0,7553,-0.45034666834090825,S,1
476,0,1,"Clifford, Mr. George Quincy",male,-1.3522919917485037,0,0,110465,0.39858208016340624,S,1
477,0,2,"Renouf, Mr. Peter Henry",male,0.5809029305311987,1,0,31027,-0.22559322262067316,S,2
478,0,3,"Braund, Mr. Lewis Richard",male,0.296609559607713,1,0,3460,-0.5065566745596926,S,2
479,0,3,"Karlsson, Mr. Nils August",male,-0.10140115968516693,0,0,350060,-0.4969926981460655,S,1
480,1,3,"Hirvonen, Miss. Hildur E",female,-1.2385746433791096,0,1,3101298,-0.4010166847337793,S,2
481,0,3,"Goodwin, Master. Harold Victor",male,-0.8405639240862296,5,2,CA 2144,0.2958951755118318,S,8
482,0,2,"Frost, Mr. Anthony Wood ""Archie""",male,-1.3522919917485037,0,0,239854,-0.6484216535389205,S,1
483,0,3,"Rouse, Mr. Richard Henry",male,1.4906417174863527,0,0,A/5 3594,-0.4863374216869257,S,1
484,1,3,"Turkula, Mrs. (Hedwig)",female,2.2298044818874154,0,0,4134,-0.455380340137554,S,1
485,1,1,"Bishop, Mr. Dickinson H",male,0.06917486286892446,1,0,11967,1.1854295476653287,C,2
486,0,3,"Lefebre, Miss. Jeannie",female,-1.3522919917485037,3,1,4133,-0.13565761536436197,S,5
487,1,1,"Hoyt, Mrs. Frederick Maxfield (Jane Anne Forby)",female,0.6377616047158957,1,0,19943,1.163700193253568,S,2
488,0,1,"Kent, Mr. Edward Austin",male,1.9455111109639296,0,0,11771,-0.05042144409739929,C,1
489,0,3,"Somerton, Mr. Francis William",male,0.3534682337924101,0,0,A.5. 18509,-0.4863374216869257,S,1
490,1,3,"Coutts, Master. Eden Leslie ""Neville""",male,-0.8405639240862296,1,1,C.A. 37671,-0.32828012727224753,S,3
491,0,3,"Hagland, Mr. Konrad Mathias Reiersen",male,-1.3522919917485037,1,0,65304,-0.2463983948905696,S,2
492,0,3,"Windelov, Mr. Einar",male,-0.15825983386986406,0,0,SOTON/OQ 3101317,-0.5024451714361923,S,1
493,0,1,"Molson, Mr. Harry Markland",male,1.7749350884098383,0,0,113787,-0.034313694348132716,S,1
494,0,1,"Artagaveytia, Mr. Ramon",male,2.684673875364992,0,0,PC 17609,0.3483299278831318,C,1
495,0,3,"Stanley, Mr. Edward Roland",male,-0.15825983386986406,0,0,A/4 45380,-0.4863374216869257,S,1
496,0,3,"Yousseff, Mr. Gerious",male,-1.3522919917485037,0,0,2627,-0.3573083057891445,C,1
497,1,1,"Eustis, Miss. Elizabeth Mussey",female,1.7180764142251412,1,0,36947,0.9274538680872313,C,2
498,0,3,"Shellard, Mr. Frederick William",male,-1.3522919917485037,0,0,C.A. 6212,-0.3443878770215141,S,1
499,0,1,"Allison, Mrs. Hudson J C (Bessie Waldo Daniels)",female,0.06917486286892446,1,2,113781,2.4029901895877646,S,4
500,0,3,"Svensson, Mr. Olof",male,0.012316188684227338,0,0,350035,-0.49145565916975514,S,1
501,0,3,"Calic, Mr. Petar",male,-0.38569453060865255,0,0,315086,-0.47400492578514347,S,1
502,0,3,"Canavan, Miss. Mary",female,-0.15825983386986406,0,0,364846,-0.49237782784290063,Q,1
503,0,3,"O'Sullivan, Miss. Bridget Mary",female,-1.3522919917485037,0,0,330909,-0.4948100980550399,Q,1
504,0,3,"Laitinen, Miss. Kristina Sofia",female,0.75147895308529,0,0,4135,-0.455380340137554,S,1
505,1,1,"Maioni, Miss. Roberta",female,-0.4425532047933497,0,0,110152,1.093228788100527,S,1
506,0,1,"Penasco y Castellana, Mr. Victor de Satode",male,-0.32883585642395546,1,0,PC 17758,1.5442457810799908,C,2
507,1,2,"Quick, Mrs. Frederick Charles (Jane Richards)",female,0.5240442563465015,0,2,26360,-0.12491978668775715,S,3
508,1,1,"Bradley, Mr. George (""George Arthur Brayton"")",male,-1.3522919917485037,0,0,111427,-0.11384570873513637,S,1
509,0,3,"Olsen, Mr. Henry Margido",male,0.23975088542301587,0,0,C 4001,-0.1948878246611338,S,1
510,1,3,"Lang, Mr. Fang",male,0.1260335370536216,0,0,1601,0.48910360681684706,S,1
511,1,3,"Daly, Mr. Eugene Patrick",male,0.296609559607713,0,0,382651,-0.49237782784290063,Q,1
512,0,3,"Webber, Mr. James",male,-1.3522919917485037,0,0,SOTON/OQ 3101316,-0.4863374216869257,S,1
513,1,1,"McGough, Mr. James Robert",male,0.6946202789005929,0,0,PC 17473,-0.11913106412161445,S,1
514,1,1,"Rothschild, Mrs. Martin (Elizabeth L. Barrett)",female,1.7180764142251412,1,0,PC 17603,0.5475787653441219,C,2
515,0,3,"Coleff, Mr. Satio",male,0.012316188684227338,0,0,349209,-0.4974960653257301,S,1
516,0,1,"Walker, Mr. William Anderson",male,1.3200656949322613,0,0,36967,0.036576512298389464,S,1
517,1,2,"Lemore, Mrs. (Amelia Milley)",female,0.5809029305311987,0,0,C.A. 34260,-0.43700743807979686,S,1
518,0,3,"Ryan, Mr. Patrick",male,-1.3522919917485037,0,0,371110,-0.1621689579829361,Q,1
519,1,2,"Angle, Mrs. William A (Florence ""Mary"" Agnes Hughes)",female,0.6946202789005929,1,0,226875,-0.12491978668775715,S,2
520,0,3,"Pavlovic, Mr. Stefo",male,0.4671855821618044,0,0,349242,-0.4894421904510968,S,1
521,1,1,"Perreault, Miss. Anne",female,0.3534682337924101,0,0,12749,1.2341715984066093,S,1
522,0,3,"Vovk, Mr. Janko",male,-0.10140115968516693,0,0,349252,-0.4894421904510968,S,1
523,0,3,"Lahoud, Mr. Sarkis",male,-1.3522919917485037,0,0,2624,-0.5029485386158568,C,1
524,1,1,"Hippach, Mrs. Louis Albert (Ida Sophia Fischer)",female,1.14948967237817,0,1,111361,0.5189714017894245,C,2
525,0,3,"Kassem, Mr. Fared",male,-1.3522919917485037,0,0,2700,-0.5028639729296732,C,1
526,0,3,"Farrell, Mr. James",male,0.9220549756393814,0,0,367232,-0.49237782784290063,Q,1
527,1,2,"Ridsdale, Miss. Lucy",female,1.4906417174863527,0,0,W./C. 14258,-0.43700743807979686,S,1
528,0,1,"Farthing, Mr. John",male,-1.3522919917485037,0,0,PC 17483,3.817033162951754,S,1
529,0,3,"Salonen, Mr. Johan Werner",male,0.8651963014546843,0,0,3101296,-0.4888542575852486,S,1
530,0,2,"Hocking, Mr. Richard George",male,-0.04454248550046979,2,1,29104,-0.41687275089321363,S,4
531,1,2,"Quick, Miss. Phyllis May",female,-1.2385746433791096,1,1,26360,-0.12491978668775715,S,3
532,0,3,"Toufik, Mr. Nakli",male,-1.3522919917485037,0,0,2641,-0.5028639729296732,C,1
533,0,3,"Elias, Mr. Joseph Jr",male,-0.38569453060865255,1,1,2690,-0.5028639729296732,C,3
534,1,3,"Peter, Mrs. Catherine (Catherine Rizk)",female,-1.3522919917485037,0,2,2668,-0.19824427701513722,C,3
535,0,3,"Cacic, Miss. Marija",female,0.3534682337924101,0,0,315084,-0.47400492578514347,S,1
536,1,2,"Hart, Miss. Eva Miriam",female,-0.9542812724556239,0,2,F.C.C. 13529,-0.11988611489111134,S,3
537,0,1,"Butt, Major. Archibald Willingham",male,1.206348346562867,0,0,113050,-0.11384570873513637,S,1
538,1,1,"LeRoy, Miss. Bertha",female,0.3534682337924101,0,0,PC 17761,1.4944124302931971,C,1
539,0,3,"Risien, Mr. Samuel Beard",male,-1.3522919917485037,0,0,364498,-0.35646868933346404,S,1
540,1,1,"Frolicher, Miss. Hedwig Margaritha",female,-0.10140115968516693,0,2,13568,0.3482453621969482,C,3
541,1,1,"Crosby, Miss. Harriet R",female,0.6946202789005929,0,2,WE/P 5735,0.7811411367084872,S,3
542,0,3,"Andersson, Miss. Ingeborg Constanzia",female,-0.8405639240862296,4,2,347082,-0.01870931177853076,S,7
543,0,3,"Andersson, Miss. Sigrid Elisabeth",female,-0.7268465757168353,4,2,347082,-0.01870931177853076,S,7
544,1,2,"Beane, Mr. Edward",male,0.4671855821618044,1,0,2908,-0.12491978668775715,S,2
545,0,1,"Douglas, Mr. Walter Donald",male,1.4906417174863527,1,0,PC 17761,1.4944124302931971,C,2
546,0,1,"Nicholson, Mr. Arthur Ernest",male,2.2866631560721125,0,0,693,-0.12491978668775715,S,1
547,1,2,"Beane, Mrs. Edward (Ethel Clarke)",female,-0.2719771822392583,1,0,2908,-0.12491978668775715,S,2
548,1,2,"Padro y Manent, Mr. Julian",male,-1.3522919917485037,0,0,SC/PARIS 2146,-0.3693045524149108,C,1
549,0,3,"Goldsmith, Mr. Frank John",male,0.5240442563465015,1,1,363291,-0.2351571990343002,S,3
550,1,2,"Davies, Master. John Morgan Jr",male,-0.8974225982709267,1,1,C.A. 33112,0.09152810056801232,S,3
551,1,1,"Thayer, Mr. John Borland Jr",male,-0.38569453060865255,0,2,17421,1.5841789061771412,C,3
552,0,2,"Sharp, Mr. Percival James R",male,0.18289221123831872,0,0,244358,-0.12491978668775715,S,1
553,0,3,"O'Brien, Mr. Timothy",male,-1.3522919917485037,0,0,330979,-0.49078316061772326,Q,1
554,1,3,"Leeni, Mr. Fahim (""Philip Zenni"")",male,-0.10140115968516693,0,0,2620,-0.5029485386158568,C,1
555,1,3,"Ohman, Miss. Velin",female,-0.10140115968516693,0,0,347085,-0.4918744606632361,S,1
556,0,1,"Wright, Mr. George",male,2.172945807702718,0,0,113807,-0.11384570873513637,S,1
557,1,1,"Duff Gordon, Lady. (Lucille Christiana Sutherland) (""Mrs Morgan"")",female,1.3769243691169584,1,0,11755,0.1489119590497745,C,2
558,0,1,"Robbins, Mr. Victor",male,-1.3522919917485037,0,0,PC 17757,3.9327230485884233,C,1
559,1,1,"Taussig, Mrs. Emil (Tillie Mandelbaum)",female,0.8651963014546843,1,1,110413,0.955306180872432,S,3
560,1,3,"de Messemaeker, Mrs. Guillaume Joseph (Emma)",female,0.6946202789005929,1,0,345572,-0.29807809649237277,S,2
561,0,3,"Morrow, Mr. Thomas Rowan",male,-1.3522919917485037,0,0,372622,-0.49237782784290063,Q,1
562,0,3,"Sivic, Mr. Husein",male,0.9220549756393814,0,0,349251,-0.4894421904510968,S,1
563,0,2,"Norman, Mr. Robert Douglas",male,0.23975088542301587,0,0,218629,-0.3766033765200472,S,1
564,0,3,"Simmons, Mr. John",male,-1.3522919917485037,0,0,SOTON/OQ 392082,-0.4863374216869257,S,1
565,0,3,"Meanwell, Miss. (Marion Ogden)",female,-1.3522919917485037,0,0,SOTON/O.Q. 392087,-0.4863374216869257,S,1
566,0,3,"Davies, Mr. Alfred J",male,0.012316188684227338,2,0,A/4 48871,-0.1621689579829361,S,3
567,0,3,"Stoytcheff, Mr. Ilia",male,-0.2719771822392583,0,0,349205,-0.4894421904510968,S,1
568,0,3,"Palsson, Mrs. Nils (Alma Cornelia Berglund)",female,0.296609559607713,0,4,349909,-0.22408312108167944,S,5
569,0,3,"Doharr, Mr. Tannous",male,-1.3522919917485037,0,0,2686,-0.5028639729296732,C,1
570,1,3,"Jonsson, Mr. Carl",male,0.4671855821618044,0,0,350417,-0.4902797934380587,S,1
571,1,2,"Harris, Mr. George",male,2.172945807702718,0,0,S.W./PP 752,-0.43700743807979686,S,1
572,1,1,"Appleton, Mrs. Edward Dale (Charlotte Lamson)",female,1.6612177400404442,2,0,11769,0.38809593507663365,S,3
573,1,1,"Flynn, Mr. John Irwin (""Irving"")",male,0.6946202789005929,0,0,PC 17474,-0.11711759540295616,S,1
574,1,3,"Kelly, Miss. Mary",female,-1.3522919917485037,0,0,14312,-0.49237782784290063,Q,1
575,0,3,"Rush, Mr. Alfred George John",male,-0.4425532047933497,0,0,A/4. 20589,-0.4863374216869257,S,1
576,0,3,"Patchett, Mr. George",male,-0.2719771822392583,0,0,358585,-0.35646868933346404,S,1
577,1,2,"Garside, Miss. Ethel",female,0.5809029305311987,0,0,243880,-0.3866707201133388,S,1
578,1,1,"Silvey, Mrs. William Baird (Alice Munger)",female,0.8651963014546843,1,0,13507,0.4771073601910807,S,2
579,0,3,"Caram, Mrs. Joseph (Maria Elias)",female,-1.3522919917485037,1,0,2689,-0.3573083057891445,C,2
580,1,3,"Jussila, Mr. Eiriik",male,0.4671855821618044,0,0,STON/O 2. 3101286,-0.4888542575852486,S,1
581,1,2,"Christy, Miss. Julie Rachel",female,0.06917486286892446,1,1,237789,-0.04438103794142432,S,3
582,1,1,"Thayer, Mrs. John Borland (Marian Longstreth Morris)",female,0.8651963014546843,1,1,17421,1.5841789061771412,C,3
583,0,2,"Downton, Mr. William James",male,1.7180764142251412,0,0,28403,-0.12491978668775715,S,1
584,0,1,"Ross, Mr. John Hugo",male,0.6946202789005929,0,0,13049,0.15948266982273065,C,1
585,0,3,"Paulner, Mr. Uscher",male,-1.3522919917485037,0,0,3411,-0.47299819142581434,C,1
586,1,1,"Taussig, Miss. Ruth",female,-0.32883585642395546,0,2,110413,0.955306180872432,S,3
587,0,2,"Jarvis, Mr. John Denzil",male,1.3200656949322613,0,0,237565,-0.3464013457401724,S,1
588,1,1,"Frolicher-Stehli, Mr. Maxmillian",male,2.059228459333324,1,1,13567,0.9462455716384695,C,3
589,0,3,"Gilinski, Mr. Eliezer",male,-0.10140115968516693,0,0,14973,-0.4863374216869257,S,1
590,0,3,"Murdlin, Mr. Joseph",male,-1.3522919917485037,0,0,A./5. 3235,-0.4863374216869257,S,1
591,0,3,"Rintamaki, Mr. Matti",male,0.6377616047158957,0,0,STON/O 2. 3101273,-0.5049620073345151,S,1
592,1,1,"Stephenson, Mrs. Walter Bertram (Martha Eustis)",female,1.604359065855747,1,0,36947,0.9274538680872313,C,2
593,0,3,"Elsbury, Mr. William James",male,1.3200656949322613,0,0,A/5 3902,-0.5024451714361923,S,1
594,0,3,"Bourke, Miss. Mary",female,-1.3522919917485037,0,2,364848,-0.49237782784290063,Q,3
595,0,2,"Chapman, Mr. John Henry",male,0.75147895308529,1,0,SC/AH 29037,-0.12491978668775715,S,2
596,0,3,"Van Impe, Mr. Jean Baptiste",male,0.6946202789005929,1,1,345773,-0.1621689579829361,S,3
597,1,2,"Leitch, Miss. Jessie Wills",female,-1.3522919917485037,0,0,248727,0.016023023618325298,S,1
598,0,3,"Johnson, Mr. Alfred",male,1.4337830433016556,0,0,LINE,-0.6484216535389205,S,1
599,0,3,"Boulos, Mr. Hanna",male,-1.3522919917485037,0,0,2664,-0.5029485386158568,C,1
600,1,1,"Duff Gordon, Sir. Cosmo Edmund (""Mr Morgan"")",male,1.4337830433016556,1,0,PC 17485,0.49782998024351216,C,2
601,1,2,"Jacobsohn, Mrs. Sidney Samuel (Amy Frances Christy)",female,0.012316188684227338,2,1,243847,-0.10478509950117394,S,4
602,0,3,"Slabenoff, Mr. Petco",male,-1.3522919917485037,0,0,349214,-0.4894421904510968,S,1
603,0,1,"Harrington, Mr. Charles H",male,-1.3522919917485037,0,0,113796,0.2052890831722074,S,1
604,0,3,"Torber, Mr. Ernst William",male,1.14948967237817,0,0,364511,-0.4863374216869257,S,1
605,1,1,"Homer, Mr. Harry (""Mr E Haven"")",male,0.6377616047158957,0,0,111426,-0.11384570873513637,C,1
606,0,3,"Lindell, Mr. Edvard Bengtsson",male,0.6946202789005929,1,0,349910,-0.3353272677875516,S,2
607,0,3,"Karaic, Mr. Milan",male,0.3534682337924101,0,0,349246,-0.4894421904510968,S,1
608,1,1,"Daniel, Mr. Robert Williams",male,0.18289221123831872,0,0,113804,-0.034313694348132716,S,1
609,1,2,"Laroche, Mrs. Joseph (Juliette Marie Louise Lafargue)",female,-0.10140115968516693,1,2,SC/Paris 2123,0.18876253192945994,C,4
610,1,1,"Shutes, Miss. Elizabeth W",female,0.9220549756393814,0,0,PC 17582,2.441497778832105,S,1
611,0,3,"Andersson, Mrs. Anders Johan (Alfrida Konstantia Brogren)",female,0.8651963014546843,1,5,347082,-0.01870931177853076,S,7
612,0,3,"Jardin, Mr. Jose Neto",male,-1.3522919917485037,0,0,SOTON/O.Q. 3101305,-0.5064721088735089,S,1
613,1,3,"Murphy, Miss. Margaret Jane",female,-1.3522919917485037,1,0,367230,-0.3363340021468808,Q,2
614,0,3,"Horgan, Mr. John",male,-1.3522919917485037,0,0,370377,-0.49237782784290063,Q,1
615,0,3,"Brocklebank, Mr. William Alfred",male,0.6377616047158957,0,0,364512,-0.4863374216869257,S,1
616,1,2,"Herman, Miss. Alice",female,0.012316188684227338,1,2,220845,0.6603330135889879,S,4
617,0,3,"Danbom, Mr. Ernst Gilbert",male,0.5809029305311987,1,1,347080,-0.35848215805212236,S,3
618,0,3,"Lobb, Mrs. William Arthur (Cordelia K Stanlick)",female,0.1260335370536216,1,0,A/5. 3336,-0.32425318983493084,S,2
619,1,2,"Becker, Miss. Marion Louise",female,-1.1248572950097153,2,1,230136,0.13683114673782454,S,4
620,0,2,"Gavey, Mr. Lawrence",male,0.1260335370536216,0,0,31028,-0.43700743807979686,S,1
621,0,3,"Yasbeck, Mr. Antoni",male,0.18289221123831872,1,0,2659,-0.3573908580066095,C,2
622,1,1,"Kimball, Mr. Edwin Nelson Jr",male,1.0357723240087757,1,0,11753,0.40974072380221066,S,2
623,1,3,"Nakid, Mr. Sahid",male,-0.21511850805456117,1,1,2653,-0.33146744825388363,C,3
624,0,3,"Hansen, Mr. Henry Damsgaard",male,-0.15825983386986406,0,0,350029,-0.4902797934380587,S,1
625,0,3,"Bowen, Mr. David John ""Dai""",male,-0.15825983386986406,0,0,54636,-0.32425318983493084,S,1
626,0,1,"Sutton, Mr. Frederick",male,2.116087133518021,0,0,36963,0.002347544081197954,S,1
627,0,2,"Kirkland, Rev. Charles Leonard",male,1.8886524367792323,0,0,219533,-0.3997582667846179,Q,1
628,1,1,"Longley, Miss. Gretchen Fiske",female,-0.15825983386986406,0,0,13502,0.921244330558889,S,1
629,0,3,"Bostandyeff, Mr. Guentcho",male,0.1260335370536216,0,0,349224,-0.4894421904510968,S,1
630,0,3,"O'Connell, Mr. Patrick D",male,-1.3522919917485037,0,0,334912,-0.49271407711891657,Q,1
631,1,1,"Barkworth, Mr. Algernon Henry Wilson",male,3.1964019430272663,0,0,27042,-0.04438103794142432,S,1
632,0,3,"Lundahl, Mr. Johan Svensson",male,1.54750039167105,0,0,347743,-0.5063875431873253,S,1
633,1,1,"Stahelin-Maeglin, Dr. Max",male,0.4671855821618044,0,0,13214,-0.034313694348132716,C,1
634,0,1,"Parr, Mr. William Henry Marsh",male,-1.3522919917485037,0,0,112052,-0.6484216535389205,S,1
635,0,3,"Skoog, Miss. Mabel",female,-0.8405639240862296,3,2,347088,-0.08666388103324908,S,6
636,1,2,"Davis, Miss. Mary",female,0.23975088542301587,0,0,237668,-0.3866707201133388,S,1
637,0,3,"Leinonen, Mr. Antti Gustaf",male,0.4671855821618044,0,0,STON/O 2. 3101292,-0.4888542575852486,S,1
638,0,2,"Collyer, Mr. Harvey",male,0.41032690797710725,1,1,C.A. 31921,-0.11988611489111134,S,3
639,0,3,"Panula, Mrs. Juha (Maria Emilia Ojala)",female,0.9789136498240786,0,5,3101295,0.1506737441786005,S,6
640,0,3,"Thorneycroft, Mr. Percival",male,-1.3522919917485037,1,0,376564,-0.32425318983493084,S,2
641,0,3,"Jensen, Mr. Hans Peder",male,-0.21511850805456117,0,0,350050,-0.4902797934380587,S,1
642,1,1,"Sagesser, Mlle. Emma",female,0.012316188684227338,0,0,PC 17477,0.7469121684912956,C,1
643,0,3,"Skoog, Miss. Margit Elizabeth",female,-1.2385746433791096,3,2,347088,-0.08666388103324908,S,6
644,1,3,"Foo, Mr. Choong",male,-1.3522919917485037,0,0,1601,0.48910360681684706,S,1
645,1,3,"Baclini, Miss. Eugenie",female,-1.3522919917485037,2,1,2666,-0.26066180729354516,C,4
646,1,1,"Harper, Mr. Henry Sleeper",male,1.3769243691169584,1,0,PC 17572,0.8964967865378598,C,2
647,0,3,"Cor, Mr. Liudevit",male,-0.2719771822392583,0,0,349231,-0.4894421904510968,S,1
648,1,1,"Simonius-Blumer, Col. Oberst Alfons",male,1.8317937625945353,0,0,13213,0.06635974158478332,C,1
649,0,3,"Willey, Mr. Edward",male,-1.3522919917485037,0,0,S.O./P.P. 751,-0.49640476528021726,S,1
650,1,3,"Stanley, Miss. Amy Zillah Elsie",female,-0.04454248550046979,0,0,CA. 2314,-0.49640476528021726,S,1
651,0,3,"Mitkoff, Mr. Mito",male,-1.3522919917485037,0,0,349221,-0.4894421904510968,S,1
652,1,2,"Doling, Miss. Elsie",female,-0.32883585642395546,0,1,231919,-0.18532384824750675,S,2
653,0,3,"Kalvik, Mr. Johannes Halvorsen",male,-0.15825983386986406,0,0,8475,-0.47861979608830835,S,1
654,1,3,"O'Leary, Miss. Hanora ""Norah""",female,-1.3522919917485037,0,0,330919,-0.49078316061772326,Q,1
655,0,3,"Hegarty, Miss. Hanora ""Nora""",female,-0.32883585642395546,0,0,365226,-0.5125125150294839,Q,1
656,0,2,"Hickman, Mr. Leonard Mark",male,0.012316188684227338,2,0,S.O.C. 14879,0.8314778546749452,S,3
657,0,3,"Radeff, Mr. Alexander",male,-1.3522919917485037,0,0,349223,-0.4894421904510968,S,1
658,0,3,"Bourke, Mrs. John (Catherine)",female,0.4671855821618044,1,1,364849,-0.3363340021468808,Q,3
659,0,2,"Eitemiller, Mr. George Floyd",male,-0.04454248550046979,0,0,29751,-0.3866707201133388,S,1
660,0,1,"Newell, Mr. Arthur Webster",male,1.9455111109639296,0,2,35273,1.6323350375212924,C,3
661,1,1,"Frauenthal, Dr. Henry William",male,1.4906417174863527,2,0,PC 17611,2.042579288947925,S,3
662,0,3,"Badt, Mr. Mohamed",male,0.9220549756393814,0,0,2623,-0.5029485386158568,C,1
663,0,1,"Colley, Mr. Edward Pomeroy",male,1.3200656949322613,0,0,5727,-0.13322534515222276,S,1
664,0,3,"Coleff, Mr. Peju",male,0.6946202789005929,0,0,349210,-0.4974960653257301,S,1
665,1,3,"Lindqvist, Mr. Eino William",male,-0.21511850805456117,1,0,STON/O 2. 3101285,-0.4888542575852486,S,2
666,0,2,"Hickman, Mr. Lewis",male,0.4671855821618044,2,0,S.O.C. 14879,0.8314778546749452,S,3
667,0,2,"Butler, Mr. Reginald Fenton",male,0.06917486286892446,0,0,234686,-0.3866707201133388,S,1
668,0,3,"Rommetvedt, Mr. Knud Paust",male,-1.3522919917485037,0,0,312993,-0.4918744606632361,S,1
669,0,3,"Cook, Mr. Jacob",male,1.0926309981934728,0,0,A/5 3536,-0.4863374216869257,S,1
670,1,1,"Taylor, Mrs. Elmer Zebley (Juliet Cummins Wright)",female,-1.3522919917485037,1,0,19996,0.39858208016340624,S,2
671,1,2,"Brown, Mrs. Thomas William Solomon (Elizabeth Catherine Ford)",female,0.9220549756393814,1,1,29750,0.13683114673782454,S,3
672,0,1,"Davidson, Mr. Thornton",male,0.41032690797710725,1,0,F.C. 12750,0.39858208016340624,S,2
673,0,2,"Mitchell, Mr. Henry Michael",male,2.627815201180295,0,0,C.A. 24580,-0.43700743807979686,S,1
674,1,2,"Wilhelms, Mr. Charles",male,0.41032690797710725,0,0,244270,-0.3866707201133388,S,1
675,0,2,"Watson, Mr. Ennis Hastings",male,-1.3522919917485037,0,0,239856,-0.6484216535389205,S,1
676,0,3,"Edvardsson, Mr. Gustaf Hjalmar",male,-0.32883585642395546,0,0,349912,-0.4918744606632361,S,1
677,0,3,"Sawyer, Mr. Frederick Charles",male,0.012316188684227338,0,0,342826,-0.4863374216869257,S,1
678,1,3,"Turja, Miss. Anna Sofia",female,-0.32883585642395546,0,0,4138,-0.45026210265472455,S,1
679,0,3,"Goodwin, Mrs. Frederick (Augusta Tyler)",female,1.0926309981934728,1,6,CA 2144,0.2958951755118318,S,8
680,1,1,"Cardeza, Mr. Thomas Drake Martinez",male,0.6946202789005929,0,1,PC 17755,9.667166525013505,C,2
681,0,3,"Peters, Miss. Katie",female,-1.3522919917485037,0,0,330935,-0.48457563655809965,Q,1
682,1,1,"Hassab, Mr. Hammad",male,0.18289221123831872,0,0,PC 17572,0.8964967865378598,C,1
683,0,3,"Olsvigen, Mr. Thor Anderson",male,-0.21511850805456117,0,0,6563,-0.4626791642426904,S,1
684,0,3,"Goodwin, Mr. Charles Edward",male,-0.556270553162744,5,2,CA 2144,0.2958951755118318,S,8
685,0,2,"Brown, Mr. Thomas William Solomon",male,2.059228459333324,1,1,29750,0.13683114673782454,S,3
686,0,2,"Laroche, Mr. Joseph Philippe Lemercier",male,0.06917486286892446,1,2,SC/Paris 2123,0.18876253192945994,C,4
687,0,3,"Panula, Mr. Jaako Arnold",male,-0.556270553162744,4,1,3101295,0.1506737441786005,S,6
688,0,3,"Dakic, Mr. Branko",male,-0.2719771822392583,0,0,349228,-0.44363577710162005,S,1
689,0,3,"Fischer, Mr. Eberhard Thelander",male,-0.32883585642395546,0,0,350036,-0.49145565916975514,S,1
690,1,1,"Madill, Miss. Georgette Alexandra",female,-0.49941187897804684,0,1,24160,3.6067927997556075,S,2
691,1,1,"Dick, Mr. Albert Adrian",male,0.41032690797710725,1,0,17474,0.49925551609632224,S,2
692,1,3,"Karun, Miss. Manca",female,-1.1248572950097153,0,1,349256,-0.37828059596268965,C,2
693,1,3,"Lam, Mr. Ali",male,-1.3522919917485037,0,0,1601,0.48910360681684706,S,1
694,0,3,"Saad, Mr. Khalil",male,0.06917486286892446,0,0,2672,-0.5029485386158568,C,1
695,0,1,"Weir, Col. John",male,2.059228459333324,0,0,113800,-0.11384570873513637,S,1
696,0,2,"Chapman, Mr. Charles Henry",male,1.604359065855747,0,0,248731,-0.3766033765200472,S,1
697,0,3,"Kelly, Mr. James",male,1.14948967237817,0,0,363592,-0.4863374216869257,S,1
698,1,3,"Mullens, Miss. Katherine ""Katie""",female,-1.3522919917485037,0,0,35852,-0.49271407711891657,Q,1
699,0,1,"Thayer, Mr. John Borland",male,1.4337830433016556,1,1,17421,1.5841789061771412,C,3
700,0,3,"Humblen, Mr. Adolf Mathias Nicolai Olsen",male,1.0357723240087757,0,0,348121,-0.494391296561559,S,1
701,1,1,"Astor, Mrs. John Jacob (Madeleine Talmadge Force)",female,-0.32883585642395546,1,0,PC 17757,3.9327230485884233,C,2
702,1,1,"Silverthorne, Mr. Spencer Victor",male,0.6377616047158957,0,0,PC 17475,-0.11913106412161445,S,1
703,0,3,"Barbara, Miss. Saiide",female,-0.32883585642395546,0,1,2691,-0.3573908580066095,C,2
704,0,3,"Gallagher, Mr. Martin",male,0.06917486286892446,0,0,36864,-0.4925449457465493,Q,1
705,0,3,"Hansen, Mr. Henrik Juul",male,0.1260335370536216,1,0,350025,-0.4902797934380587,S,2
706,0,2,"Morley, Mr. Henry Samuel (""Mr Henry Marshall"")",male,0.8651963014546843,0,0,250655,-0.12491978668775715,S,1
707,1,2,"Kelly, Mrs. Florence ""Fannie""",female,1.206348346562867,0,0,223596,-0.3766033765200472,S,1
708,1,1,"Calderhead, Mr. Edward Pennington",male,1.0357723240087757,0,0,PC 17476,-0.11913106412161445,S,1
709,1,1,"Cleaver, Miss. Alice",female,-0.10140115968516693,0,0,113781,2.4029901895877646,S,1
710,1,3,"Moubarek, Master. Halim Gonios (""William George"")",male,-1.3522919917485037,1,1,2661,-0.3414522396297103,C,3
711,1,1,"Mayne, Mlle. Berthe Antonine (""Mrs de Villiers"")",female,0.012316188684227338,0,0,PC 17482,0.3483299278831318,C,1
712,0,1,"Klaber, Mr. Herman",male,-1.3522919917485037,0,0,113028,-0.11384570873513637,S,1
713,1,1,"Taylor, Mr. Elmer Zebley",male,1.3769243691169584,1,0,19996,0.39858208016340624,S,2
714,0,3,"Larsson, Mr. August Viktor",male,0.296609559607713,0,0,7545,-0.457478374542396,S,1
715,0,2,"Greenberg, Mr. Samuel",male,1.604359065855747,0,0,250647,-0.3866707201133388,S,1
716,0,3,"Soholt, Mr. Peter Andreas Lauritz Andersen",male,-0.2719771822392583,0,0,348124,-0.494391296561559,S,1
717,1,1,"Endres, Miss. Caroline Louise",female,0.8083376272699871,0,0,PC 17757,3.9327230485884233,C,1
718,1,2,"Troutt, Miss. Edwina Celia ""Winnie""",female,0.18289221123831872,0,0,34218,-0.43700743807979686,S,1
719,0,3,"McEvoy, Mr. Michael",male,-1.3522919917485037,0,0,36568,-0.3363340021468808,Q,1
720,0,3,"Johnson, Mr. Malkolm Joackim",male,0.5240442563465015,0,0,347062,-0.4918744606632361,S,1
721,1,2,"Harper, Miss. Annie Jessie ""Nina""",female,-1.011139946640321,0,1,248727,0.016023023618325298,S,2
722,0,3,"Jensen, Mr. Svend Lauritz",male,-0.38569453060865255,1,0,350048,-0.5063875431873253,S,2
723,0,2,"Gillespie, Mr. William Henry",male,0.5809029305311987,0,0,12233,-0.3866707201133388,S,1
724,0,2,"Hodges, Mr. Henry Price",male,1.4906417174863527,0,0,250643,-0.3866707201133388,S,1
725,1,1,"Chambers, Mr. Norman Campbell",male,0.18289221123831872,1,0,113806,0.4207302360686478,S,2
726,0,3,"Oreskovic, Mr. Luka",male,-0.21511850805456117,0,0,315094,-0.47400492578514347,S,1
727,1,2,"Renouf, Mrs. Peter Henry (Lillian Jefferys)",female,0.3534682337924101,3,0,31027,-0.22559322262067316,S,4
728,1,3,"Mannion, Miss. Margareth",female,-1.3522919917485037,0,0,36866,-0.4926295114327329,Q,1
729,0,2,"Bryhl, Mr. Kurt Arnold Gottfrid",male,0.06917486286892446,1,0,236853,-0.12491978668775715,S,2
730,0,3,"Ilmakangas, Miss. Pieta Sofia",female,0.06917486286892446,1,0,STON/O2. 3101271,-0.4888542575852486,S,2
731,1,1,"Allen, Miss. Elisabeth Walton",female,0.296609559607713,0,0,24160,3.6067927997556075,S,1
732,0,3,"Hassan, Mr. Houssein G N",male,-0.7268465757168353,0,0,2699,-0.2701412180209885,C,1
733,0,2,"Knight, Mr. Robert J",male,-1.3522919917485037,0,0,239855,-0.6484216535389205,S,1
734,0,2,"Berriman, Mr. William John",male,-0.04454248550046979,0,0,28425,-0.3866707201133388,S,1
735,0,2,"Troupiansky, Mr. Moses Aaron",male,-0.04454248550046979,0,0,233639,-0.3866707201133388,S,1
736,0,3,"Williams, Mr. Leslie",male,0.23975088542301587,0,0,54636,-0.32425318983493084,S,1
737,0,3,"Ford, Mrs. Edward (Margaret Ann Watson)",female,1.3769243691169584,1,3,W./C. 6608,0.04370821849987721,S,5
738,1,1,"Lesurer, Mr. Gustave J",male,0.6377616047158957,0,0,PC 17755,9.667166525013505,C,1
739,0,3,"Ivanoff, Mr. Kanio",male,-1.3522919917485037,0,0,349201,-0.4894421904510968,S,1
740,0,3,"Nankoff, Mr. Minko",male,-1.3522919917485037,0,0,349218,-0.4894421904510968,S,1
741,1,1,"Hawksford, Mr. Walter James",male,-1.3522919917485037,0,0,16988,-0.04438103794142432,S,1
742,0,1,"Cavendish, Mr. Tyrell William",male,0.6946202789005929,1,0,19877,0.9391984311231651,S,2
743,1,1,"Ryerson, Miss. Susan Parker ""Suzette""",female,-0.15825983386986406,2,2,PC 17608,4.634416897040849,C,5
744,0,3,"McNamee, Mr. Neal",male,0.012316188684227338,1,0,376566,-0.32425318983493084,S,2
745,1,3,"Stranden, Mr. Juho",male,0.41032690797710725,0,0,STON/O 2. 3101288,-0.4888542575852486,S,1
746,0,1,"Crosby, Capt. Edward Gifford",male,2.627815201180295,1,1,WE/P 5735,0.7811411367084872,S,3
747,0,3,"Abbott, Mr. Rossmore Edward",male,-0.4425532047933497,1,1,C.A. 2673,-0.24069423801061057,S,3
748,1,2,"Sinkkonen, Miss. Anna",female,0.3534682337924101,0,0,250648,-0.3866707201133388,S,1
749,0,1,"Marvin, Mr. Daniel Warner",male,-0.2719771822392583,1,0,113773,0.4207302360686478,S,2
750,0,3,"Connaghton, Mr. Michael",male,0.41032690797710725,0,0,335097,-0.49237782784290063,Q,1
751,1,2,"Wells, Miss. Joan",female,-1.1248572950097153,1,1,29103,-0.18532384824750675,S,3
752,1,3,"Moor, Master. Meier",male,-1.011139946640321,0,1,392096,-0.397241430886295,S,2
753,0,3,"Vande Velde, Mr. Johannes Joseph",male,0.5240442563465015,0,0,345780,-0.45714212526638004,S,1
754,0,3,"Jonkoff, Mr. Lalio",male,-0.04454248550046979,0,0,349204,-0.4894421904510968,S,1
755,1,2,"Herman, Mrs. Samuel (Jane Laver)",female,1.3769243691169584,1,2,220845,0.6603330135889879,S,4
756,1,2,"Hamalainen, Master. Viljo",male,-1.3522919917485037,1,1,250649,-0.35646868933346404,S,3
757,0,3,"Carlsson, Mr. August Sigfrid",male,0.23975088542301587,0,0,350042,-0.49145565916975514,S,1
758,0,2,"Bailey, Mr. Percy Andrew",male,-0.32883585642395546,0,0,29108,-0.41687275089321363,S,1
759,0,3,"Theobald, Mr. Thomas Leonard",male,0.5809029305311987,0,0,363294,-0.4863374216869257,S,1
760,1,1,"Rothes, the Countess. of (Lucy Noel Martha Dyer-Edwards)",female,0.5240442563465015,0,0,110152,1.093228788100527,S,1
761,0,3,"Garfirth, Mr. John",male,-1.3522919917485037,0,0,358585,-0.35646868933346404,S,1
762,0,3,"Nirva, Mr. Iisakki Antino Aijo",male,0.9789136498240786,0,0,SOTON/O2 3101272,-0.5049620073345151,S,1
763,1,3,"Barah, Mr. Hanna Assi",male,-0.21511850805456117,0,0,2663,-0.5028639729296732,C,1
764,1,1,"Carter, Mrs. William Ernest (Lucile Polk)",female,0.6946202789005929,1,2,113760,1.7677408088510642,S,4
765,0,3,"Eklund, Mr. Hans Linus",male,-0.4425532047933497,0,0,347074,-0.4918744606632361,S,1
766,1,1,"Hogeboom, Mrs. John C (Anna Andrews)",female,1.54750039167105,1,0,13502,0.921244330558889,S,2
767,0,1,"Brewe, Dr. Arthur Jackson",male,-1.3522919917485037,0,0,112379,0.1489119590497745,C,1
768,0,3,"Mangan, Miss. Mary",female,0.3534682337924101,0,0,364850,-0.49237782784290063,Q,1
769,0,3,"Moran, Mr. Daniel J",male,-1.3522919917485037,1,0,371110,-0.1621689579829361,Q,2
770,0,3,"Gronnestad, Mr. Daniel Danielsen",male,0.4671855821618044,0,0,8471,-0.4800453319411184,S,1
771,0,3,"Lievens, Mr. Rene Aime",male,0.012316188684227338,0,0,345781,-0.45714212526638004,S,1
772,0,3,"Jensen, Mr. Niels Peder",male,1.3769243691169584,0,0,350047,-0.4902797934380587,S,1
773,0,2,"Mack, Mrs. (Mary)",female,1.8886524367792323,0,0,S.O./P.P. 3,-0.43700743807979686,S,1
774,0,3,"Elias, Mr. Dibo",male,-1.3522919917485037,0,0,2674,-0.5029485386158568,C,1
775,1,2,"Hocking, Mrs. Elizabeth (Eliza Needs)",female,1.7180764142251412,1,3,29105,-0.18532384824750675,S,5
776,0,3,"Myhrman, Mr. Pehr Fabian Oliver Malkolm",male,-0.32883585642395546,0,0,347078,-0.49237782784290063,S,1
777,0,3,"Tobin, Mr. Roger",male,-1.3522919917485037,0,0,383121,-0.49237782784290063,Q,1
778,1,3,"Emanuel, Miss. Virginia Ethel",female,-1.067998620825018,0,0,364516,-0.397241430886295,S,1
779,0,3,"Kilgannon, Mr. Thomas J",male,-1.3522919917485037,0,0,36865,-0.4926295114327329,Q,1
780,1,1,"Robert, Mrs. Edward Scott (Elisabeth Walton McMillan)",female,1.0926309981934728,0,1,24160,3.6067927997556075,S,2
781,1,3,"Ayoub, Miss. Banoura",female,-0.6131292273474411,0,0,2687,-0.5028639729296732,C,1
782,1,1,"Dick, Mrs. Albert Adrian (Vera Gillespie)",female,-0.38569453060865255,1,0,17474,0.49925551609632224,S,2
783,0,1,"Long, Mr. Milton Clyde",male,0.296609559607713,0,0,113501,-0.04438103794142432,S,1
784,0,3,"Johnston, Mr. Andrew G",male,-1.3522919917485037,1,2,W./C. 6607,-0.17626323901354432,S,4
785,0,3,"Ali, Mr. William",male,0.06917486286892446,0,0,SOTON/O.Q. 3101312,-0.5064721088735089,S,1
786,0,3,"Harmer, Mr. Abraham (David Lishin)",male,0.06917486286892446,0,0,374887,-0.5024451714361923,S,1
787,1,3,"Sjoblom, Miss. Anna Sofia",female,-0.32883585642395546,0,0,3101265,-0.4974960653257301,S,1
788,0,3,"Rice, Master. George Hugh",male,-0.8974225982709267,4,1,382652,-0.06199888922968463,Q,6
789,1,3,"Dean, Master. Bertram Vere",male,-1.2954333175638066,1,2,C.A. 2315,-0.23415046467497105,S,4
790,0,1,"Guggenheim, Mr. Benjamin",male,1.2632070207475643,0,0,PC 17593,0.9462455716384695,C,1
791,0,3,"Keane, Mr. Andrew ""Andy""",male,-1.3522919917485037,0,0,12460,-0.49237782784290063,Q,1
792,0,2,"Gaskell, Mr. Alfred",male,-0.4425532047933497,0,0,239865,-0.12491978668775715,S,1
793,0,3,"Sage, Miss. Stella Anna",female,-1.3522919917485037,8,2,CA. 2343,0.7519458402879414,S,11
794,0,1,"Hoyt, Mr. William Fisher",male,-1.3522919917485037,0,0,PC 17600,-0.030371322596999754,C,1
795,0,3,"Dantcheff, Mr. Ristiu",male,0.06917486286892446,0,0,349203,-0.4894421904510968,S,1
796,0,2,"Otter, Mr. Richard",male,0.8651963014546843,0,0,28213,-0.3866707201133388,S,1
797,1,1,"Leader, Dr. Alice (Farnham)",female,1.4337830433016556,0,0,17465,-0.1263453225405672,S,1
798,1,3,"Osman, Mrs. Mara",female,0.41032690797710725,0,0,349244,-0.4735861242916626,S,1
799,0,3,"Ibrahim Shawah, Mr. Yousseff",male,0.3534682337924101,0,0,2685,-0.5028639729296732,C,1
800,0,3,"Van Impe, Mrs. Jean Baptiste (Rosalie Paula Govaert)",female,0.3534682337924101,1,1,345773,-0.1621689579829361,S,3
801,0,2,"Ponesell, Mr. Martin",male,0.5809029305311987,0,0,250647,-0.3866707201133388,S,1
802,1,2,"Collyer, Mrs. Harvey (Charlotte Annie Tate)",female,0.41032690797710725,1,1,C.A. 31921,-0.11988611489111134,S,3
803,1,1,"Carter, Master. William Thornton II",male,-0.7268465757168353,1,2,113760,1.7677408088510642,S,4
804,1,3,"Thomas, Master. Assad Alexander",male,-1.3522919917485037,0,1,2625,-0.47694056317694733,C,2
805,1,3,"Hedman, Mr. Oskar Arvid",male,0.18289221123831872,0,0,347089,-0.5079822104125026,S,1
806,0,3,"Johansson, Mr. Karl Johan",male,0.41032690797710725,0,0,347063,-0.4918744606632361,S,1
807,0,1,"Andrews, Mr. Thomas Jr",male,0.8651963014546843,0,0,112050,-0.6484216535389205,S,1
808,0,3,"Pettersson, Miss. Ellen Natalia",female,-0.32883585642395546,0,0,347087,-0.4918744606632361,S,1
809,0,2,"Meyer, Mr. August",male,0.8651963014546843,0,0,248723,-0.3866707201133388,S,1
810,1,1,"Chambers, Mrs. Norman Campbell (Bertha Griggs)",female,0.5240442563465015,1,0,113806,0.4207302360686478,S,2
811,0,3,"Alexander, Mr. William",male,0.1260335370536216,0,0,3474,-0.4896093083547455,S,1
812,0,3,"Lester, Mr. James",male,0.8651963014546843,0,0,A/4 48871,-0.1621689579829361,S,1
813,0,2,"Slemen, Mr. Richard James",male,0.6377616047158957,0,0,28206,-0.43700743807979686,S,1
814,0,3,"Andersson, Miss. Ebba Iris Alfrida",female,-1.011139946640321,4,2,347082,-0.01870931177853076,S,7
815,0,3,"Tomlin, Mr. Ernest Portage",male,0.3534682337924101,0,0,364499,-0.4863374216869257,S,1
816,0,1,"Fry, Mr. Richard",male,-1.3522919917485037,0,0,112058,-0.6484216535389205,S,1
817,0,3,"Heininen, Miss. Wendla Maria",female,-0.04454248550046979,0,0,STON/O2. 3101290,-0.4888542575852486,S,1
818,0,2,"Mallet, Mr. Albert",male,0.41032690797710725,1,1,S.C./PARIS 2079,0.09664633805084172,C,3
819,0,3,"Holm, Mr. John Fredrik Alexander",male,1.0926309981934728,0,0,C 7075,-0.5185529211854588,S,1
820,0,3,"Skoog, Master. Karl Thorsten",male,-0.7837052499015325,3,2,347088,-0.08666388103324908,S,6
821,1,1,"Hays, Mrs. Charles Melville (Clara Jennings Gregg)",female,1.604359065855747,1,1,12749,1.2341715984066093,S,3
822,1,3,"Lulic, Mr. Nikola",male,0.18289221123831872,0,0,315098,-0.47400492578514347,S,1
823,0,1,"Reuchlin, Jonkheer. John George",male,0.8083376272699871,0,0,19972,-0.6484216535389205,S,1
824,1,3,"Moor, Mrs. (Beila)",female,0.18289221123831872,0,1,392096,-0.397241430886295,S,2
825,0,3,"Panula, Master. Urho Abraham",male,-1.2385746433791096,4,1,3101295,0.1506737441786005,S,6
826,0,3,"Flynn, Mr. John",male,-1.3522919917485037,0,0,368323,-0.5084855775921673,Q,1
827,0,3,"Lam, Mr. Len",male,-1.3522919917485037,0,0,1601,0.48910360681684706,S,1
828,1,2,"Mallet, Master. Andre",male,-1.2954333175638066,0,2,S.C./PARIS 2079,0.09664633805084172,C,3
829,1,3,"McCormack, Mr. Thomas Joseph",male,-1.3522919917485037,0,0,367228,-0.49237782784290063,Q,1
830,1,1,"Stone, Mrs. George Nelson (Martha Evelyn)",female,2.172945807702718,0,0,113572,0.962353321387736,,1
831,1,3,"Yasbeck, Mrs. Antoni (Selini Alexander)",female,-0.49941187897804684,1,0,2659,-0.3573908580066095,C,2
832,1,2,"Richards, Master. George Sibley",male,-1.3522919917485037,1,1,29106,-0.2708962687904854,S,3
833,0,3,"Saad, Mr. Amin",male,-1.3522919917485037,0,0,2671,-0.5028639729296732,C,1
834,0,3,"Augustsson, Mr. Albert",male,-0.04454248550046979,0,0,347468,-0.4902797934380587,S,1
835,0,3,"Allum, Mr. Owen George",male,-0.32883585642395546,0,0,2223,-0.48130374989027985,S,1
836,1,1,"Compton, Miss. Sara Rebecca",female,0.8651963014546843,1,1,PC 17756,1.0259447039291216,C,3
837,0,3,"Pasic, Mr. Jakob",male,-0.15825983386986406,0,0,315097,-0.47400492578514347,S,1
838,0,3,"Sirota, Mr. Maurice",male,-1.3522919917485037,0,0,392092,-0.4863374216869257,S,1
839,1,3,"Chip, Mr. Chang",male,0.4671855821618044,0,0,1601,0.48910360681684706,S,1
840,1,1,"Marechal, Mr. Pierre",male,-1.3522919917485037,0,0,11774,-0.05042144409739929,C,1
841,0,3,"Alhomaki, Mr. Ilmari Rudolf",male,-0.21511850805456117,0,0,SOTON/O2 3101287,-0.4888542575852486,S,1
842,0,2,"Mudd, Mr. Thomas Charles",male,-0.4425532047933497,0,0,S.O./P.P. 3,-0.43700743807979686,S,1
843,1,1,"Serepeca, Miss. Augusta",female,0.3534682337924101,0,0,113798,-0.024246350754841113,C,1
844,0,3,"Lemberopolous, Mr. Peter L",male,0.5809029305311987,0,0,2683,-0.5188046047752911,C,1
845,0,3,"Culumovic, Mr. Jeso",male,-0.38569453060865255,0,0,315090,-0.47400492578514347,S,1
846,0,3,"Abbing, Mr. Anthony",male,1.0357723240087757,0,0,C.A. 5547,-0.49640476528021726,S,1
847,0,3,"Sage, Mr. Douglas Bullen",male,-1.3522919917485037,8,2,CA. 2343,0.7519458402879414,S,11
848,0,3,"Markoff, Mr. Marin",male,0.6377616047158957,0,0,349213,-0.4894421904510968,C,1
849,0,2,"Harper, Rev. John",male,0.23975088542301587,0,1,248727,0.016023023618325298,S,2
850,1,1,"Goldenberg, Mrs. Samuel L (Edwiga Grabowska)",female,-1.3522919917485037,1,0,17453,1.145663540471827,C,2
851,0,3,"Andersson, Master. Sigvard Harald Elias",male,-1.1248572950097153,4,2,347082,-0.01870931177853076,S,7
852,0,3,"Svensson, Mr. Johan",male,2.8552498979190837,0,0,347060,-0.4918744606632361,S,1
853,0,3,"Boulos, Miss. Nourelain",female,-0.8405639240862296,1,1,2678,-0.3414522396297103,C,3
854,1,1,"Lines, Miss. Mary Conover",female,-0.4425532047933497,0,1,PC 17592,0.14488502161245778,S,2
855,0,2,"Carter, Mrs. Ernest Courtenay (Lilian Hughes)",female,1.14948967237817,1,0,244252,-0.12491978668775715,S,2
856,1,3,"Aks, Mrs. Sam (Leah Rosen)",female,-0.32883585642395546,0,1,392091,-0.4601623283443675,S,2
857,1,1,"Wick, Mrs. George Dennick (Mary Hitchcock)",female,1.206348346562867,1,1,36928,2.671117778445337,S,3
858,1,1,"Daly, Mr. Peter Denis ",male,1.54750039167105,0,0,113055,-0.11384570873513637,S,1
859,1,3,"Baclini, Mrs. Solomon (Latifa Qurban)",female,0.012316188684227338,0,3,2666,-0.26066180729354516,C,4
860,0,3,"Razi, Mr. Raihed",male,-1.3522919917485037,0,0,2629,-0.5028639729296732,C,1
861,0,3,"Hansen, Mr. Claus Peter",male,0.9789136498240786,2,0,350026,-0.36435544630444866,S,3
862,0,2,"Giles, Mr. Frederick Edward",male,-0.15825983386986406,1,0,28134,-0.41687275089321363,S,2
863,1,1,"Swift, Mrs. Frederick Joel (Margaret Welles Barron)",female,1.3769243691169584,0,0,17466,-0.1263453225405672,S,1
864,0,3,"Sage, Miss. Dorothy Edith ""Dolly""",female,-1.3522919917485037,8,2,CA. 2343,0.7519458402879414,S,11
865,0,2,"Gill, Mr. John William",male,0.012316188684227338,0,0,233866,-0.3866707201133388,S,1
866,1,2,"Bystrom, Mrs. (Karolina)",female,1.0357723240087757,0,0,236852,-0.3866707201133388,S,1
867,1,2,"Duran y More, Miss. Asuncion",female,0.18289221123831872,1,0,SC/PARIS 2149,-0.3693891181010945,C,2
868,0,1,"Roebling, Mr. Washington Augustus II",male,0.41032690797710725,0,0,PC 17590,0.3682954836973478,S,1
869,0,3,"van Melkebeke, Mr. Philemon",male,-1.3522919917485037,0,0,345777,-0.45714212526638004,S,1
870,1,3,"Johnson, Master. Harold Theodor",male,-1.1248572950097153,1,1,347742,-0.4242561406845337,S,3
871,0,3,"Balkic, Mr. Cerin",male,0.1260335370536216,0,0,349248,-0.4894421904510968,S,1
872,1,1,"Beckwith, Mrs. Richard Leonard (Sallie Monypeny)",female,1.3200656949322613,1,1,11751,0.40974072380221066,S,3
873,0,1,"Carlsson, Mr. Frans Olof",male,0.5240442563465015,0,0,695,-0.5477482176060045,S,1
874,0,3,"Vander Cruyssen, Mr. Victor",male,1.3200656949322613,0,0,345765,-0.46720946885967163,S,1
875,1,2,"Abelson, Mrs. Samuel (Hannah Wizosky)",female,0.23975088542301587,1,0,P/PP 3381,-0.16518916106092355,C,2
876,1,3,"Najib, Miss. Adele Kiamie ""Jane""",female,-0.49941187897804684,0,0,2667,-0.5029485386158568,C,1
877,0,3,"Gustafsson, Mr. Alfred Ossian",male,-0.21511850805456117,0,0,7534,-0.45017955043725955,S,1
878,0,3,"Petroff, Mr. Nedelio",male,-0.2719771822392583,0,0,349212,-0.4894421904510968,S,1
879,0,3,"Laleff, Mr. Kristo",male,-1.3522919917485037,0,0,349217,-0.4894421904510968,S,1
880,1,1,"Potter, Mrs. Thomas Jr (Lily Alexenia Wilson)",female,1.8317937625945353,0,1,11767,1.0259447039291216,C,2
881,1,2,"Shelley, Mrs. William (Imanita Parrish Hall)",female,0.06917486286892446,0,1,230433,-0.12491978668775715,S,2
882,0,3,"Markun, Mr. Johann",male,0.5240442563465015,0,0,349257,-0.4894421904510968,S,1
883,0,3,"Dahlberg, Miss. Gerda Ulrika",female,-0.10140115968516693,0,0,7552,-0.4366711888037809,S,1
884,0,2,"Banfield, Mr. Frederick James",male,0.23975088542301587,0,0,C.A./SOTON 34068,-0.43700743807979686,S,1
885,0,3,"Sutehall, Mr. Henry Jr",male,0.06917486286892446,0,0,SOTON/OQ 392076,-0.5064721088735089,S,1
886,0,3,"Rice, Mrs. William (Margaret Norton)",female,0.8651963014546843,0,5,382652,-0.06199888922968463,Q,6
887,0,2,"Montvila, Rev. Juozas",male,0.18289221123831872,0,0,211536,-0.3866707201133388,S,1
888,1,1,"Graham, Miss. Margaret Edith",female,-0.2719771822392583,0,0,112053,-0.04438103794142432,S,1
889,0,3,"Johnston, Miss. Catherine Helen ""Carrie""",female,-1.3522919917485037,1,2,W./C. 6607,-0.17626323901354432,S,4
890,1,1,"Behr, Mr. Karl Howell",male,0.1260335370536216,0,0,111369,-0.04438103794142432,C,1
891,0,3,"Dooley, Mr. Patrick",male,0.4671855821618044,0,0,370376,-0.49237782784290063,Q,1
